"","X.2","X.1","X","country","year","ciri","unreg","unsubreg","disap","kill","polpris","tort","assn","formov","dommov","speech","elecsd","rel_free","union_p","barg_p","hour_p","force_p","child_p","wage_p","safe_p","trafficking_p","injud","wecon","wopol","wosoc_p","ngo_freedom","trial_p","wosoc_l","union_l","barg_l","hour_l","force_l","child_l","wage_l","safe_l","trafficking_l","americas","europe","asia_middle_east","africa","oceania","atrocity_years","physint_sum","workerrights_practices_sum","repression_sum","civpol_sum","human_rights_score","workerrights_laws_sum","bbatrocity","zero_kill","zero_disap","zero_polpris","zero_tort","bbatrocity_intensity","avg_kill3","avg_disap3","avg_polpris3","avg_tort3","avg_bbatrocity_intensity3","avg_speech3","avg_rel_free3","avg_dommov3","avg_formov3","avg_assn3","avg_wopol3","avg_wosoc_l3","avg_wosoc_p3","avg_wecon3","avg_union_l3","avg_union_p3","avg_barg_l3","avg_barg_p3","avg_force_l3","avg_force_p3","avg_child_l3","avg_child_p3","avg_wage_l3","avg_wage_p3","avg_safe_l3","avg_safe_p3","avg_hour_l3","avg_hour_p3","avg_trafficking_l3","avg_trafficking_p3","avg_trial_p3","avg_injud3","wopol_two","wecon_two","wosoc_two","trial_two","atrocity_hrscore","emp_rights_sum","hrscorex2","avg_ngo3","avg_elecsd3"
"2",2,2,2,"Afghanistan",2006,101,142,62,2,1,1,0,1,1,0,0,1,0,0,0,0,1,0,0,0,0,0,0,2,0,0,0,1,2,0,1,2,1,1,0,0,0,0,1,0,0,28,4,1,5,1,22,7,0,0,0,0,1,NA,NA,NA,NA,NA,NA,NA,NA,NA,NA,NA,NA,NA,NA,NA,NA,NA,NA,NA,NA,NA,NA,NA,NA,NA,NA,NA,NA,NA,NA,NA,NA,NA,1,NA,NA,NA,2,2,22,NA,NA
"19",19,19,19,"Albania",2006,104,150,39,2,2,2,0,2,2,2,1,1,2,1,1,1,1,0,1,0,1,0,1,2,1,2,0,1,2,1,2,2,2,1,1,2,0,1,0,0,0,4,6,5,11,5,56,11,0,0,0,0,1,NA,NA,NA,NA,NA,NA,NA,NA,NA,NA,NA,NA,NA,NA,NA,NA,NA,NA,NA,NA,NA,NA,NA,NA,NA,NA,NA,NA,NA,NA,NA,NA,NA,1,NA,NA,NA,2,5,56,NA,NA
"36",36,36,36,"Algeria",2006,107,2,15,1,0,0,0,0,1,2,0,1,1,1,1,2,1,1,1,1,0,0,1,2,NA,0,0,NA,1,1,2,2,2,1,2,1,0,0,0,1,0,10,1,8,2,1,NA,11,1,1,0,1,1,2,NA,NA,NA,NA,NA,NA,NA,NA,NA,NA,NA,NA,NA,NA,NA,NA,NA,NA,NA,NA,NA,NA,NA,NA,NA,NA,NA,NA,NA,NA,NA,NA,1,NA,NA,NA,0,4,NA,NA,NA
"53",53,53,53,"Andorra",2006,110,150,39,2,2,2,2,2,2,2,2,2,2,1,0,2,2,2,1,1,NA,1,1,2,2,3,2,3,1,0,2,0,2,1,1,NA,0,1,0,0,0,0,8,9,16,6,NA,7,0,0,0,0,0,NA,NA,NA,NA,NA,NA,NA,NA,NA,NA,NA,NA,NA,NA,NA,NA,NA,NA,NA,NA,NA,NA,NA,NA,NA,NA,NA,NA,NA,NA,NA,NA,NA,1,NA,1,1,2,6,NA,NA,NA
"70",70,70,70,"Angola",2006,113,2,17,2,1,1,0,1,1,0,1,1,2,0,0,0,2,0,1,0,1,0,1,2,1,2,0,2,1,1,2,2,2,1,2,0,0,0,0,1,0,18,4,3,8,4,40,11,0,0,0,0,1,NA,NA,NA,NA,NA,NA,NA,NA,NA,NA,NA,NA,NA,NA,NA,NA,NA,NA,NA,NA,NA,NA,NA,NA,NA,NA,NA,NA,NA,NA,NA,NA,NA,1,NA,NA,NA,2,2,40,NA,NA
"87",87,87,87,"Antigua and Barbuda",2006,116,419,29,2,2,2,1,2,2,2,2,2,2,1,1,1,2,2,2,1,2,2,1,2,2,3,3,3,2,1,1,2,2,2,0,0,1,0,0,0,0,0,7,10,16,6,84,10,0,0,0,0,0,NA,NA,NA,NA,NA,NA,NA,NA,NA,NA,NA,NA,NA,NA,NA,NA,NA,NA,NA,NA,NA,NA,NA,NA,NA,NA,NA,NA,NA,NA,NA,NA,NA,1,NA,1,2,2,6,84,NA,NA
"104",104,104,104,"Argentina",2006,119,419,5,1,1,2,1,2,2,2,2,2,2,1,1,1,1,0,1,0,0,1,1,3,3,2,0,3,1,1,1,2,2,1,1,1,1,0,0,0,0,7,5,5,11,6,62,9,0,0,0,0,0,NA,NA,NA,NA,NA,NA,NA,NA,NA,NA,NA,NA,NA,NA,NA,NA,NA,NA,NA,NA,NA,NA,NA,NA,NA,NA,NA,NA,NA,NA,NA,NA,NA,2,NA,2,NA,2,8,62,NA,NA
"121",121,121,121,"Armenia",2006,122,142,145,2,2,1,0,1,1,2,1,1,1,0,0,1,0,1,0,0,1,0,1,2,2,1,0,2,2,2,2,2,2,1,2,2,0,0,1,0,0,1,5,2,8,3,42,13,0,0,0,0,1,NA,NA,NA,NA,NA,NA,NA,NA,NA,NA,NA,NA,NA,NA,NA,NA,NA,NA,NA,NA,NA,NA,NA,NA,NA,NA,NA,NA,NA,NA,NA,NA,NA,1,NA,1,NA,2,5,42,NA,NA
"138",138,138,138,"Australia",2006,125,9,53,2,2,2,1,2,2,2,2,2,2,2,1,2,1,2,2,2,1,2,3,2,3,3,3,3,2,1,2,2,2,2,2,2,0,0,0,0,1,0,7,12,16,6,90,13,0,0,0,0,0,NA,NA,NA,NA,NA,NA,NA,NA,NA,NA,NA,NA,NA,NA,NA,NA,NA,NA,NA,NA,NA,NA,NA,NA,NA,NA,NA,NA,NA,NA,NA,NA,NA,1,2,2,2,2,9,90,NA,NA
"155",155,155,155,"Austria",2006,128,150,155,2,2,2,1,2,2,2,1,2,1,2,2,1,2,2,2,2,1,2,2,3,2,1,2,3,2,1,1,2,2,2,2,2,0,1,0,0,0,0,7,13,13,4,82,12,0,0,0,0,0,NA,NA,NA,NA,NA,NA,NA,NA,NA,NA,NA,NA,NA,NA,NA,NA,NA,NA,NA,NA,NA,NA,NA,NA,NA,NA,NA,NA,NA,NA,NA,NA,NA,2,1,1,1,2,8,82,NA,NA
"172",172,172,172,"Azerbaijan",2006,131,142,145,1,1,0,0,1,1,1,0,1,0,1,1,1,1,1,0,0,1,0,1,2,2,0,0,3,1,1,2,1,2,1,2,2,0,0,1,0,0,0,2,5,3,1,34,10,0,0,0,1,1,NA,NA,NA,NA,NA,NA,NA,NA,NA,NA,NA,NA,NA,NA,NA,NA,NA,NA,NA,NA,NA,NA,NA,NA,NA,NA,NA,NA,NA,NA,NA,NA,NA,1,NA,1,NA,2,4,34,NA,NA
"189",189,189,189,"Bahamas",2006,134,419,29,2,1,2,1,2,2,2,1,2,0,1,1,2,1,1,0,0,1,1,2,2,2,2,1,3,1,1,2,2,1,1,1,0,1,0,0,0,0,0,6,6,10,3,60,9,0,0,0,0,0,NA,NA,NA,NA,NA,NA,NA,NA,NA,NA,NA,NA,NA,NA,NA,NA,NA,NA,NA,NA,NA,NA,NA,NA,NA,NA,NA,NA,NA,NA,NA,NA,NA,1,1,1,NA,2,7,60,NA,NA
"206",206,206,206,"Bahrain",2006,137,142,145,2,2,1,1,1,1,2,0,0,0,1,1,1,1,2,0,2,0,0,1,1,3,1,0,3,1,1,1,1,2,0,2,1,0,0,1,0,0,3,6,8,7,1,50,8,0,0,0,0,0,NA,NA,NA,NA,NA,NA,NA,NA,NA,NA,NA,NA,NA,NA,NA,NA,NA,NA,NA,NA,NA,NA,NA,NA,NA,NA,NA,NA,NA,NA,NA,NA,NA,NA,NA,2,NA,2,5,50,NA,NA
"223",223,223,223,"Bangladesh",2006,140,142,62,1,0,0,0,1,1,1,1,2,1,0,0,1,0,0,0,0,1,0,1,2,1,0,0,2,1,1,1,1,1,1,1,1,0,0,1,0,0,24,1,1,4,3,26,7,1,1,0,1,1,2,NA,NA,NA,NA,NA,NA,NA,NA,NA,NA,NA,NA,NA,NA,NA,NA,NA,NA,NA,NA,NA,NA,NA,NA,NA,NA,NA,NA,NA,NA,NA,NA,1,NA,NA,NA,0,3,26,NA,NA
"240",240,240,240,"Barbados",2006,143,419,29,2,1,2,1,2,2,2,2,2,2,1,2,2,2,2,1,2,0,2,2,3,2,3,2,2,2,2,2,2,2,0,2,0,1,0,0,0,0,0,6,12,14,6,82,12,0,0,0,0,0,NA,NA,NA,NA,NA,NA,NA,NA,NA,NA,NA,NA,NA,NA,NA,NA,NA,NA,NA,NA,NA,NA,NA,NA,NA,NA,NA,NA,NA,NA,NA,NA,NA,2,1,1,1,2,8,82,NA,NA
"257",257,257,257,"Belarus",2006,146,150,151,2,2,0,0,0,1,0,0,0,0,0,0,2,0,2,1,0,1,0,1,2,2,0,0,3,2,2,2,2,2,1,1,2,0,1,0,0,0,0,4,5,4,0,32,12,0,0,0,1,1,NA,NA,NA,NA,NA,NA,NA,NA,NA,NA,NA,NA,NA,NA,NA,NA,NA,NA,NA,NA,NA,NA,NA,NA,NA,NA,NA,NA,NA,NA,NA,NA,NA,1,NA,1,NA,2,3,32,NA,NA
"274",274,274,274,"Belgium",2006,149,150,155,2,2,2,2,2,2,2,1,2,1,2,2,2,0,2,2,2,2,2,2,3,3,3,2,3,2,2,2,2,2,2,2,2,0,1,0,0,0,0,8,12,14,4,88,14,0,0,0,0,0,NA,NA,NA,NA,NA,NA,NA,NA,NA,NA,NA,NA,NA,NA,NA,NA,NA,NA,NA,NA,NA,NA,NA,NA,NA,NA,NA,NA,NA,NA,NA,NA,NA,2,1,2,1,2,9,88,NA,NA
"291",291,291,291,"Belize",2006,152,419,13,2,2,2,0,2,2,2,2,2,2,1,1,1,1,1,1,1,0,2,1,2,2,3,2,2,2,1,1,2,1,1,2,1,1,0,0,0,0,0,6,7,14,6,70,10,0,0,0,0,1,NA,NA,NA,NA,NA,NA,NA,NA,NA,NA,NA,NA,NA,NA,NA,NA,NA,NA,NA,NA,NA,NA,NA,NA,NA,NA,NA,NA,NA,NA,NA,NA,NA,1,NA,1,1,2,6,70,NA,NA
"308",308,308,308,"Benin",2006,155,2,11,2,2,1,1,2,2,1,1,2,2,1,1,1,0,0,1,0,1,0,1,2,1,3,1,2,2,1,1,1,2,1,1,1,0,0,0,1,0,0,6,4,12,5,58,9,0,0,0,0,0,NA,NA,NA,NA,NA,NA,NA,NA,NA,NA,NA,NA,NA,NA,NA,NA,NA,NA,NA,NA,NA,NA,NA,NA,NA,NA,NA,NA,NA,NA,NA,NA,NA,1,NA,NA,NA,2,4,58,NA,NA
"325",325,325,325,"Bhutan",2006,158,142,62,2,2,0,2,0,1,1,1,0,0,0,0,1,2,1,2,0,2,1,2,2,3,0,1,3,1,0,1,2,1,2,1,0,0,0,1,0,0,0,6,6,8,1,50,8,0,0,0,1,0,NA,NA,NA,NA,NA,NA,NA,NA,NA,NA,NA,NA,NA,NA,NA,NA,NA,NA,NA,NA,NA,NA,NA,NA,NA,NA,NA,NA,NA,NA,NA,NA,NA,1,1,2,NA,2,6,50,NA,NA
"342",342,342,342,"Bolivia",2006,161,419,5,2,1,2,1,2,1,2,1,2,2,0,0,0,0,0,1,0,0,0,1,2,2,1,1,2,1,1,1,2,1,1,1,2,1,0,0,0,0,1,6,1,12,5,48,8,0,0,0,0,0,NA,NA,NA,NA,NA,NA,NA,NA,NA,NA,NA,NA,NA,NA,NA,NA,NA,NA,NA,NA,NA,NA,NA,NA,NA,NA,NA,NA,NA,NA,NA,NA,NA,1,NA,1,NA,2,5,48,NA,NA
"359",359,359,359,"Bosnia and Herz.",2006,164,150,39,2,2,2,1,2,1,2,1,1,1,0,0,1,0,1,1,0,0,1,1,2,3,2,1,3,2,2,1,2,2,1,2,2,0,1,0,0,0,0,7,3,12,4,54,12,0,0,0,0,0,NA,NA,NA,NA,NA,NA,NA,NA,NA,NA,NA,NA,NA,NA,NA,NA,NA,NA,NA,NA,NA,NA,NA,NA,NA,NA,NA,NA,NA,NA,NA,NA,NA,1,NA,2,NA,2,6,54,NA,NA
"376",376,376,376,"Botswana",2006,167,2,18,2,1,2,1,2,2,2,1,2,2,2,0,1,2,1,1,2,1,2,1,2,2,1,1,2,2,1,1,2,1,1,2,1,0,0,0,1,0,0,6,9,12,5,72,10,0,0,0,0,0,NA,NA,NA,NA,NA,NA,NA,NA,NA,NA,NA,NA,NA,NA,NA,NA,NA,NA,NA,NA,NA,NA,NA,NA,NA,NA,NA,NA,NA,NA,NA,NA,NA,1,NA,1,NA,2,6,72,NA,NA
"393",393,393,393,"Brazil",2006,170,419,5,1,0,1,0,2,2,2,2,2,2,1,1,1,0,0,0,0,0,1,2,2,3,1,1,3,1,1,1,2,2,1,2,1,1,0,0,0,0,30,2,3,9,6,48,10,1,1,0,0,1,1,NA,NA,NA,NA,NA,NA,NA,NA,NA,NA,NA,NA,NA,NA,NA,NA,NA,NA,NA,NA,NA,NA,NA,NA,NA,NA,NA,NA,NA,NA,NA,NA,1,1,2,NA,0,8,48,NA,NA
"410",410,410,410,"Brunei Darussalam",2006,173,142,35,2,2,1,2,0,1,2,0,0,0,0,0,1,1,2,0,1,0,0,1,1,1,0,1,1,1,0,1,2,2,0,2,2,0,0,1,0,0,0,7,5,8,0,42,8,0,0,0,0,0,NA,NA,NA,NA,NA,NA,NA,NA,NA,NA,NA,NA,NA,NA,NA,NA,NA,NA,NA,NA,NA,NA,NA,NA,NA,NA,NA,NA,NA,NA,NA,NA,NA,NA,NA,NA,NA,2,3,42,NA,NA
"427",427,427,427,"Bulgaria",2006,176,150,151,2,2,2,0,1,2,2,1,2,1,1,1,1,1,1,1,1,1,1,2,2,3,2,1,3,2,2,2,2,2,1,2,2,0,1,0,0,0,1,6,7,10,3,64,13,0,0,0,0,1,NA,NA,NA,NA,NA,NA,NA,NA,NA,NA,NA,NA,NA,NA,NA,NA,NA,NA,NA,NA,NA,NA,NA,NA,NA,NA,NA,NA,NA,NA,NA,NA,NA,1,1,2,NA,2,8,64,NA,NA
"444",444,444,444,"Burkina Faso",2006,179,2,11,2,1,2,0,1,1,1,1,1,2,1,2,0,0,0,0,0,1,0,1,2,1,1,1,1,2,2,2,2,2,1,1,1,0,0,0,1,0,4,5,3,10,4,46,12,0,0,0,0,1,NA,NA,NA,NA,NA,NA,NA,NA,NA,NA,NA,NA,NA,NA,NA,NA,NA,NA,NA,NA,NA,NA,NA,NA,NA,NA,NA,NA,NA,NA,NA,NA,NA,1,NA,NA,NA,2,3,46,NA,NA
"461",461,461,461,"Myanmar",2006,182,142,35,0,0,0,0,0,0,0,0,0,0,0,0,1,0,0,0,0,NA,0,0,0,1,0,0,1,0,0,1,2,1,1,1,NA,0,0,1,0,0,19,0,1,0,0,NA,6,1,1,1,1,1,3,NA,NA,NA,NA,NA,NA,NA,NA,NA,NA,NA,NA,NA,NA,NA,NA,NA,NA,NA,NA,NA,NA,NA,NA,NA,NA,NA,NA,NA,NA,NA,NA,NA,NA,NA,NA,0,0,NA,NA,NA
"478",478,478,478,"Burundi",2006,185,2,14,1,0,0,0,1,1,0,0,2,2,1,1,1,1,0,1,1,0,0,1,3,0,0,0,3,2,1,2,1,2,1,1,1,0,0,0,1,0,23,1,6,4,3,32,10,1,1,0,1,1,2,NA,NA,NA,NA,NA,NA,NA,NA,NA,NA,NA,NA,NA,NA,NA,NA,NA,NA,NA,NA,NA,NA,NA,NA,NA,NA,NA,NA,NA,NA,NA,NA,2,NA,NA,NA,0,3,32,NA,NA
"495",495,495,495,"Cambodia",2006,188,142,35,2,0,1,0,1,2,2,0,2,2,0,0,0,1,0,0,1,1,0,1,2,3,0,0,3,1,1,2,2,2,1,1,1,0,0,1,0,0,14,3,2,6,3,38,10,1,1,0,0,1,1,NA,NA,NA,NA,NA,NA,NA,NA,NA,NA,NA,NA,NA,NA,NA,NA,NA,NA,NA,NA,NA,NA,NA,NA,NA,NA,NA,NA,NA,NA,NA,NA,1,NA,2,NA,0,7,38,NA,NA
"512",512,512,512,"Cameroon",2006,191,2,17,2,1,1,0,1,1,0,1,1,2,0,0,0,0,0,1,0,1,0,0,2,1,0,1,1,1,1,2,2,2,1,1,1,0,0,0,1,0,15,4,1,9,4,34,10,0,0,0,0,1,NA,NA,NA,NA,NA,NA,NA,NA,NA,NA,NA,NA,NA,NA,NA,NA,NA,NA,NA,NA,NA,NA,NA,NA,NA,NA,NA,NA,NA,NA,NA,NA,NA,1,NA,NA,NA,2,2,34,NA,NA
"529",529,529,529,"Canada",2006,194,21,21,2,1,2,1,2,2,2,1,2,2,2,2,1,1,2,1,2,1,2,2,2,3,3,3,3,2,2,1,2,2,1,2,2,1,0,0,0,0,0,6,11,14,5,82,12,0,0,0,0,0,NA,NA,NA,NA,NA,NA,NA,NA,NA,NA,NA,NA,NA,NA,NA,NA,NA,NA,NA,NA,NA,NA,NA,NA,NA,NA,NA,NA,NA,NA,NA,NA,NA,1,1,2,2,2,8,82,NA,NA
"546",546,546,546,"Cabo Verde",2006,197,2,11,2,2,2,1,2,2,2,1,2,2,2,2,1,1,0,0,0,NA,2,1,2,1,3,2,3,2,2,1,2,1,0,1,NA,0,0,0,1,0,0,7,6,14,5,NA,9,0,0,0,0,0,NA,NA,NA,NA,NA,NA,NA,NA,NA,NA,NA,NA,NA,NA,NA,NA,NA,NA,NA,NA,NA,NA,NA,NA,NA,NA,NA,NA,NA,NA,NA,NA,NA,1,NA,NA,1,2,5,NA,NA,NA
"563",563,563,563,"Central African Rep.",2006,200,2,17,2,0,1,0,1,1,0,0,1,1,1,1,1,0,0,1,0,0,0,0,2,0,0,0,2,2,1,1,1,2,1,1,0,0,0,0,1,0,15,3,4,5,2,24,9,1,1,0,0,1,1,NA,NA,NA,NA,NA,NA,NA,NA,NA,NA,NA,NA,NA,NA,NA,NA,NA,NA,NA,NA,NA,NA,NA,NA,NA,NA,NA,NA,NA,NA,NA,NA,1,NA,NA,NA,0,2,24,NA,NA
"580",580,580,580,"Chad",2006,203,2,17,1,0,0,1,1,1,1,0,0,0,1,1,0,0,0,1,0,0,0,0,2,0,0,1,1,2,1,2,1,2,1,2,0,0,0,0,1,0,15,2,3,4,1,20,11,1,1,0,1,0,1,NA,NA,NA,NA,NA,NA,NA,NA,NA,NA,NA,NA,NA,NA,NA,NA,NA,NA,NA,NA,NA,NA,NA,NA,NA,NA,NA,NA,NA,NA,NA,NA,1,NA,NA,NA,0,3,20,NA,NA
"597",597,597,597,"Chile",2006,206,419,5,2,2,2,1,2,2,2,1,2,2,2,0,1,2,1,1,2,1,2,2,2,1,3,1,3,2,1,1,2,2,1,2,1,1,0,0,0,0,2,7,9,13,5,76,11,0,0,0,0,0,NA,NA,NA,NA,NA,NA,NA,NA,NA,NA,NA,NA,NA,NA,NA,NA,NA,NA,NA,NA,NA,NA,NA,NA,NA,NA,NA,NA,NA,NA,NA,NA,NA,1,1,NA,NA,2,6,76,NA,NA
"614",614,614,614,"China",2006,209,142,30,1,0,0,0,0,1,0,0,2,0,0,0,2,1,1,0,0,1,0,1,2,1,0,0,2,0,1,1,2,2,1,2,0,0,0,1,0,0,29,1,4,1,0,24,9,1,1,0,1,1,2,NA,NA,NA,NA,NA,NA,NA,NA,NA,NA,NA,NA,NA,NA,NA,NA,NA,NA,NA,NA,NA,NA,NA,NA,NA,NA,NA,NA,NA,NA,NA,NA,1,NA,NA,NA,0,2,24,NA,NA
"631",631,631,631,"Colombia",2006,212,419,5,0,0,0,0,0,1,1,1,2,2,1,1,1,1,0,1,1,0,0,1,2,0,0,1,3,1,1,1,2,2,1,2,2,1,0,0,0,0,35,0,6,4,3,32,10,1,1,1,1,1,3,NA,NA,NA,NA,NA,NA,NA,NA,NA,NA,NA,NA,NA,NA,NA,NA,NA,NA,NA,NA,NA,NA,NA,NA,NA,NA,NA,NA,NA,NA,NA,NA,1,NA,NA,NA,0,3,32,NA,NA
"648",648,648,648,"Comoros",2006,215,2,14,2,2,1,2,1,2,2,1,2,1,1,2,0,0,1,0,0,NA,1,1,1,2,3,1,3,1,1,2,1,2,0,0,NA,0,0,0,1,0,0,7,4,11,3,NA,7,0,0,0,0,0,NA,NA,NA,NA,NA,NA,NA,NA,NA,NA,NA,NA,NA,NA,NA,NA,NA,NA,NA,NA,NA,NA,NA,NA,NA,NA,NA,NA,NA,NA,NA,NA,NA,NA,NA,1,NA,2,5,NA,NA,NA
"665",665,665,665,"Dem. Rep. Congo",2006,218,2,17,1,0,0,0,0,0,0,0,1,2,0,0,0,0,0,0,0,0,0,0,2,0,0,0,0,2,1,1,1,2,1,1,1,0,0,0,1,0,24,1,0,3,2,10,9,1,1,0,1,1,2,NA,NA,NA,NA,NA,NA,NA,NA,NA,NA,NA,NA,NA,NA,NA,NA,NA,NA,NA,NA,NA,NA,NA,NA,NA,NA,NA,NA,NA,NA,NA,NA,1,NA,NA,NA,0,1,10,NA,NA
"682",682,682,682,"Congo",2006,221,2,17,2,1,1,0,2,1,1,1,1,2,1,1,1,1,1,1,0,0,0,1,2,1,0,1,2,2,1,2,1,2,1,1,0,0,0,0,1,0,6,4,6,10,5,48,10,0,0,0,0,1,NA,NA,NA,NA,NA,NA,NA,NA,NA,NA,NA,NA,NA,NA,NA,NA,NA,NA,NA,NA,NA,NA,NA,NA,NA,NA,NA,NA,NA,NA,NA,NA,NA,1,NA,NA,NA,2,3,48,NA,NA
"699",699,699,699,"Costa Rica",2006,224,419,13,2,2,2,1,2,2,2,1,2,2,1,1,1,2,0,1,0,0,2,3,3,3,3,2,3,2,1,1,2,2,1,2,0,1,0,0,0,0,0,7,6,14,5,74,11,0,0,0,0,0,NA,NA,NA,NA,NA,NA,NA,NA,NA,NA,NA,NA,NA,NA,NA,NA,NA,NA,NA,NA,NA,NA,NA,NA,NA,NA,NA,NA,NA,NA,NA,NA,NA,2,2,2,1,2,10,74,NA,NA
"716",716,716,716,"Cote d'Ivoire",2006,227,2,11,1,0,1,0,1,0,0,0,1,2,1,1,0,1,0,0,0,0,0,1,2,0,0,0,2,1,1,1,2,2,1,2,1,0,0,0,1,0,14,2,3,5,3,22,10,1,1,0,0,1,1,NA,NA,NA,NA,NA,NA,NA,NA,NA,NA,NA,NA,NA,NA,NA,NA,NA,NA,NA,NA,NA,NA,NA,NA,NA,NA,NA,NA,NA,NA,NA,NA,1,NA,NA,NA,0,1,22,NA,NA
"733",733,733,733,"Croatia",2006,230,150,39,2,2,2,2,1,2,2,1,1,2,2,1,1,1,1,1,0,1,1,1,2,3,3,1,3,2,1,2,2,2,1,2,2,0,1,0,0,0,2,8,7,13,4,70,12,0,0,0,0,0,NA,NA,NA,NA,NA,NA,NA,NA,NA,NA,NA,NA,NA,NA,NA,NA,NA,NA,NA,NA,NA,NA,NA,NA,NA,NA,NA,NA,NA,NA,NA,NA,NA,1,NA,2,NA,2,7,70,NA,NA
"750",750,750,750,"Cuba",2006,233,419,29,2,2,0,0,0,0,0,0,0,0,0,0,1,0,1,1,0,0,0,3,3,3,0,0,3,0,0,1,0,1,1,1,2,1,0,0,0,0,1,4,3,4,0,30,4,0,0,0,1,1,NA,NA,NA,NA,NA,NA,NA,NA,NA,NA,NA,NA,NA,NA,NA,NA,NA,NA,NA,NA,NA,NA,NA,NA,NA,NA,NA,NA,NA,NA,NA,NA,NA,2,2,2,NA,2,6,30,NA,NA
"767",767,767,767,"Cyprus",2006,236,142,145,2,2,2,1,2,2,0,2,2,2,2,1,2,2,2,1,1,1,2,1,2,3,2,3,3,2,1,2,2,2,1,1,2,0,0,1,0,0,0,7,11,16,6,80,11,0,0,0,0,0,NA,NA,NA,NA,NA,NA,NA,NA,NA,NA,NA,NA,NA,NA,NA,NA,NA,NA,NA,NA,NA,NA,NA,NA,NA,NA,NA,NA,NA,NA,NA,NA,NA,1,NA,2,2,2,5,80,NA,NA
"784",784,784,784,"Czech Rep.",2006,239,150,151,2,2,2,1,1,2,2,1,2,1,1,2,2,2,2,2,2,1,1,2,2,2,3,2,3,2,2,1,2,2,2,2,2,0,1,0,0,0,0,7,13,12,3,78,13,0,0,0,0,0,NA,NA,NA,NA,NA,NA,NA,NA,NA,NA,NA,NA,NA,NA,NA,NA,NA,NA,NA,NA,NA,NA,NA,NA,NA,NA,NA,NA,NA,NA,NA,NA,NA,1,1,1,1,2,7,78,NA,NA
"801",801,801,801,"Denmark",2006,245,150,154,2,2,2,2,2,2,2,2,2,2,2,2,1,1,2,2,2,0,2,1,3,3,3,3,3,2,2,1,2,1,2,2,2,0,1,0,0,0,0,8,12,17,6,90,12,0,0,0,0,0,NA,NA,NA,NA,NA,NA,NA,NA,NA,NA,NA,NA,NA,NA,NA,NA,NA,NA,NA,NA,NA,NA,NA,NA,NA,NA,NA,NA,NA,NA,NA,NA,NA,2,NA,2,2,2,8,90,NA,NA
"818",818,818,818,"Djibouti",2006,248,2,14,2,2,1,1,1,1,2,1,1,2,0,0,0,2,0,0,0,NA,0,2,2,1,1,0,1,1,1,1,2,2,0,1,NA,0,0,0,1,0,0,6,2,10,4,NA,8,0,0,0,0,0,NA,NA,NA,NA,NA,NA,NA,NA,NA,NA,NA,NA,NA,NA,NA,NA,NA,NA,NA,NA,NA,NA,NA,NA,NA,NA,NA,NA,NA,NA,NA,NA,NA,1,1,NA,NA,2,5,NA,NA,NA
"835",835,835,835,"Dominica",2006,251,419,29,2,2,2,1,2,2,2,2,2,2,2,1,1,2,1,0,2,2,2,1,2,2,3,3,2,2,2,1,2,1,1,2,2,1,0,0,0,0,0,7,9,16,6,82,11,0,0,0,0,0,NA,NA,NA,NA,NA,NA,NA,NA,NA,NA,NA,NA,NA,NA,NA,NA,NA,NA,NA,NA,NA,NA,NA,NA,NA,NA,NA,NA,NA,NA,NA,NA,NA,1,NA,1,2,2,6,82,NA,NA
"852",852,852,852,"Dominican Rep.",2006,254,419,29,2,0,1,0,1,1,1,2,2,1,0,0,1,2,1,1,0,0,1,1,2,2,3,0,3,2,1,1,2,2,1,1,2,1,0,0,0,0,19,3,5,7,4,44,10,1,1,0,0,1,1,NA,NA,NA,NA,NA,NA,NA,NA,NA,NA,NA,NA,NA,NA,NA,NA,NA,NA,NA,NA,NA,NA,NA,NA,NA,NA,NA,NA,NA,NA,NA,NA,1,NA,1,NA,0,4,44,NA,NA
"869",869,869,869,"Timor-Leste",2006,257,142,35,2,1,2,1,2,2,2,1,2,2,1,1,2,2,1,0,1,NA,1,1,2,2,3,1,3,2,1,2,2,2,0,2,NA,0,0,1,0,0,0,6,8,12,5,NA,11,0,0,0,0,0,NA,NA,NA,NA,NA,NA,NA,NA,NA,NA,NA,NA,NA,NA,NA,NA,NA,NA,NA,NA,NA,NA,NA,NA,NA,NA,NA,NA,NA,NA,NA,NA,NA,1,NA,1,NA,2,6,NA,NA,NA
"886",886,886,886,"Ecuador",2006,260,419,5,2,1,1,0,1,1,2,1,2,2,0,0,1,1,0,1,1,0,0,1,2,1,2,0,2,1,1,2,2,2,1,1,2,1,0,0,0,0,0,4,4,8,4,46,10,0,0,0,0,1,NA,NA,NA,NA,NA,NA,NA,NA,NA,NA,NA,NA,NA,NA,NA,NA,NA,NA,NA,NA,NA,NA,NA,NA,NA,NA,NA,NA,NA,NA,NA,NA,NA,1,NA,NA,NA,2,4,46,NA,NA
"903",903,903,903,"Egypt",2006,263,2,15,2,1,0,0,0,0,2,1,1,0,1,1,2,1,0,0,1,0,0,1,1,0,0,0,0,1,1,1,2,1,1,2,2,0,0,0,1,0,10,3,6,4,1,34,9,0,0,0,1,1,NA,NA,NA,NA,NA,NA,NA,NA,NA,NA,NA,NA,NA,NA,NA,NA,NA,NA,NA,NA,NA,NA,NA,NA,NA,NA,NA,NA,NA,NA,NA,NA,NA,NA,NA,NA,NA,2,2,34,NA,NA
"920",920,920,920,"El Salvador",2006,266,419,13,2,1,2,0,2,2,2,2,2,2,0,0,0,1,0,1,0,1,0,1,2,1,1,0,3,1,1,1,2,2,1,1,2,1,0,0,0,0,10,5,2,11,6,52,9,0,0,0,0,1,NA,NA,NA,NA,NA,NA,NA,NA,NA,NA,NA,NA,NA,NA,NA,NA,NA,NA,NA,NA,NA,NA,NA,NA,NA,NA,NA,NA,NA,NA,NA,NA,NA,1,NA,NA,NA,2,5,52,NA,NA
"937",937,937,937,"Eq. Guinea",2006,269,2,17,2,1,0,0,1,1,0,0,0,1,0,0,0,2,1,0,0,NA,0,1,2,1,0,0,1,1,2,2,2,1,1,1,NA,0,0,0,1,0,0,3,3,5,2,NA,10,0,0,0,1,1,NA,NA,NA,NA,NA,NA,NA,NA,NA,NA,NA,NA,NA,NA,NA,NA,NA,NA,NA,NA,NA,NA,NA,NA,NA,NA,NA,NA,NA,NA,NA,NA,NA,1,NA,NA,NA,2,2,NA,NA,NA
"954",954,954,954,"Eritrea",2006,272,2,14,1,1,0,0,0,0,2,0,0,0,0,0,2,0,1,0,1,1,0,1,2,1,0,0,2,1,2,1,2,2,1,2,1,0,0,0,1,0,9,2,4,2,0,28,11,0,0,0,1,1,NA,NA,NA,NA,NA,NA,NA,NA,NA,NA,NA,NA,NA,NA,NA,NA,NA,NA,NA,NA,NA,NA,NA,NA,NA,NA,NA,NA,NA,NA,NA,NA,NA,1,NA,NA,NA,2,3,28,NA,NA
"971",971,971,971,"Estonia",2006,275,150,154,2,2,2,1,2,2,2,2,0,2,1,1,2,1,1,1,2,1,2,0,2,3,2,3,3,2,1,2,2,1,1,2,1,0,1,0,0,0,0,7,9,16,6,74,11,0,0,0,0,0,NA,NA,NA,NA,NA,NA,NA,NA,NA,NA,NA,NA,NA,NA,NA,NA,NA,NA,NA,NA,NA,NA,NA,NA,NA,NA,NA,NA,NA,NA,NA,NA,NA,1,NA,2,2,2,7,74,NA,NA
"988",988,988,988,"Ethiopia",2006,278,2,14,0,1,0,0,0,1,2,0,1,2,0,0,1,0,0,0,0,0,1,1,2,0,0,0,1,1,1,1,2,2,1,1,2,0,0,0,1,0,22,1,1,3,2,26,9,0,0,1,1,1,NA,NA,NA,NA,NA,NA,NA,NA,NA,NA,NA,NA,NA,NA,NA,NA,NA,NA,NA,NA,NA,NA,NA,NA,NA,NA,NA,NA,NA,NA,NA,NA,NA,1,NA,NA,NA,2,4,26,NA,NA
"1005",1005,1005,1005,"Fiji",2006,281,9,54,2,2,1,0,1,1,2,1,0,2,1,1,0,2,1,1,0,0,2,2,2,1,0,1,1,1,1,0,2,1,1,2,2,0,0,0,0,1,0,5,6,10,4,52,8,0,0,0,0,1,NA,NA,NA,NA,NA,NA,NA,NA,NA,NA,NA,NA,NA,NA,NA,NA,NA,NA,NA,NA,NA,NA,NA,NA,NA,NA,NA,NA,NA,NA,NA,NA,NA,1,1,NA,NA,2,5,52,NA,NA
"1022",1022,1022,1022,"Finland",2006,284,150,154,2,2,1,2,2,2,2,2,2,2,2,1,2,1,2,2,2,2,2,2,3,3,3,3,3,2,1,2,2,2,2,2,2,0,1,0,0,0,0,7,12,16,6,92,13,0,0,0,0,0,NA,NA,NA,NA,NA,NA,NA,NA,NA,NA,NA,NA,NA,NA,NA,NA,NA,NA,NA,NA,NA,NA,NA,NA,NA,NA,NA,NA,NA,NA,NA,NA,NA,2,1,2,2,2,9,92,NA,NA
"1039",1039,1039,1039,"France",2006,287,150,155,2,2,2,1,2,2,2,1,2,1,2,2,2,1,2,2,2,2,2,2,2,2,3,2,3,2,2,2,2,2,2,2,2,0,1,0,0,0,0,7,13,13,4,84,14,0,0,0,0,0,NA,NA,NA,NA,NA,NA,NA,NA,NA,NA,NA,NA,NA,NA,NA,NA,NA,NA,NA,NA,NA,NA,NA,NA,NA,NA,NA,NA,NA,NA,NA,NA,NA,1,1,1,1,2,7,84,NA,NA
"1056",1056,1056,1056,"Gabon",2006,290,2,17,2,1,1,1,1,0,0,1,2,2,2,1,2,0,0,1,1,1,0,1,2,1,2,1,2,2,1,2,2,2,1,2,1,0,0,0,1,0,0,5,7,10,4,52,12,0,0,0,0,0,NA,NA,NA,NA,NA,NA,NA,NA,NA,NA,NA,NA,NA,NA,NA,NA,NA,NA,NA,NA,NA,NA,NA,NA,NA,NA,NA,NA,NA,NA,NA,NA,NA,1,NA,NA,NA,2,1,52,NA,NA
"1073",1073,1073,1073,"Gambia",2006,293,2,11,1,1,0,1,2,1,2,1,1,2,1,1,1,1,0,1,0,0,1,0,2,0,1,0,0,1,1,1,2,2,1,2,1,0,0,0,1,0,0,3,5,8,5,44,10,0,0,0,1,0,NA,NA,NA,NA,NA,NA,NA,NA,NA,NA,NA,NA,NA,NA,NA,NA,NA,NA,NA,NA,NA,NA,NA,NA,NA,NA,NA,NA,NA,NA,NA,NA,NA,1,NA,NA,NA,2,4,44,NA,NA
"1090",1090,1090,1090,"Georgia",2006,296,142,145,2,1,1,0,1,1,1,1,2,1,1,1,1,1,1,1,0,2,1,1,2,0,1,0,1,2,1,1,1,2,1,2,2,0,0,1,0,0,4,4,6,7,3,50,10,0,0,0,0,1,NA,NA,NA,NA,NA,NA,NA,NA,NA,NA,NA,NA,NA,NA,NA,NA,NA,NA,NA,NA,NA,NA,NA,NA,NA,NA,NA,NA,NA,NA,NA,NA,NA,1,NA,NA,NA,2,3,50,NA,NA
"1107",1107,1107,1107,"Germany",2006,299,150,155,2,2,2,2,1,2,2,1,2,1,2,2,1,1,2,2,2,1,2,2,3,3,3,3,3,2,1,1,2,2,2,2,2,0,1,0,0,0,0,8,12,14,3,86,12,0,0,0,0,0,NA,NA,NA,NA,NA,NA,NA,NA,NA,NA,NA,NA,NA,NA,NA,NA,NA,NA,NA,NA,NA,NA,NA,NA,NA,NA,NA,NA,NA,NA,NA,NA,NA,2,1,2,2,2,9,86,NA,NA
"1124",1124,1124,1124,"Ghana",2006,302,2,11,2,1,2,0,1,2,1,1,2,2,1,1,2,0,0,0,0,1,1,1,2,1,2,2,2,2,1,2,2,2,1,2,2,0,0,0,1,0,1,5,4,11,4,54,12,0,0,0,0,1,NA,NA,NA,NA,NA,NA,NA,NA,NA,NA,NA,NA,NA,NA,NA,NA,NA,NA,NA,NA,NA,NA,NA,NA,NA,NA,NA,NA,NA,NA,NA,NA,NA,1,NA,NA,1,2,4,54,NA,NA
"1141",1141,1141,1141,"Greece",2006,305,150,39,2,2,1,0,1,1,2,1,1,1,2,1,2,1,0,2,1,0,1,2,2,2,2,1,3,2,1,2,2,1,2,1,2,0,1,0,0,0,0,5,9,9,3,58,11,0,0,0,0,1,NA,NA,NA,NA,NA,NA,NA,NA,NA,NA,NA,NA,NA,NA,NA,NA,NA,NA,NA,NA,NA,NA,NA,NA,NA,NA,NA,NA,NA,NA,NA,NA,NA,1,1,1,NA,2,6,58,NA,NA
"1158",1158,1158,1158,"Grenada",2006,308,419,29,2,2,1,1,2,2,2,2,2,2,2,2,2,2,2,1,1,2,2,2,3,3,3,3,3,2,2,2,2,2,1,2,0,1,0,0,0,0,0,6,12,15,6,90,13,0,0,0,0,0,NA,NA,NA,NA,NA,NA,NA,NA,NA,NA,NA,NA,NA,NA,NA,NA,NA,NA,NA,NA,NA,NA,NA,NA,NA,NA,NA,NA,NA,NA,NA,NA,NA,2,1,2,2,2,9,90,NA,NA
"1175",1175,1175,1175,"Guatemala",2006,311,419,13,2,1,1,1,2,2,2,2,2,2,0,0,0,1,0,0,0,0,0,2,2,2,0,0,3,1,1,1,2,1,1,1,1,1,0,0,0,0,15,5,1,11,6,46,8,0,0,0,0,0,NA,NA,NA,NA,NA,NA,NA,NA,NA,NA,NA,NA,NA,NA,NA,NA,NA,NA,NA,NA,NA,NA,NA,NA,NA,NA,NA,NA,NA,NA,NA,NA,NA,1,1,1,NA,2,7,46,NA,NA
"1192",1192,1192,1192,"Guinea",2006,314,2,11,2,1,0,1,0,2,1,1,1,2,1,1,0,0,0,0,0,0,0,1,2,1,1,0,1,2,1,1,2,2,0,1,1,0,0,0,1,0,5,4,2,7,3,38,9,0,0,0,1,0,NA,NA,NA,NA,NA,NA,NA,NA,NA,NA,NA,NA,NA,NA,NA,NA,NA,NA,NA,NA,NA,NA,NA,NA,NA,NA,NA,NA,NA,NA,NA,NA,NA,1,NA,NA,NA,2,4,38,NA,NA
"1209",1209,1209,1209,"Guinea-Bissau",2006,317,2,11,2,2,1,1,1,2,2,1,2,1,1,1,0,1,0,0,0,1,0,1,2,0,2,1,0,1,1,1,2,1,1,1,1,0,0,0,1,0,0,6,3,10,3,50,8,0,0,0,0,0,NA,NA,NA,NA,NA,NA,NA,NA,NA,NA,NA,NA,NA,NA,NA,NA,NA,NA,NA,NA,NA,NA,NA,NA,NA,NA,NA,NA,NA,NA,NA,NA,NA,1,NA,NA,NA,2,5,50,NA,NA
"1226",1226,1226,1226,"Guyana",2006,320,419,5,2,1,1,1,2,2,2,1,1,2,1,2,1,1,1,0,0,0,1,1,2,1,2,1,1,2,2,1,2,1,1,1,2,1,0,0,0,0,0,5,6,11,5,58,10,0,0,0,0,0,NA,NA,NA,NA,NA,NA,NA,NA,NA,NA,NA,NA,NA,NA,NA,NA,NA,NA,NA,NA,NA,NA,NA,NA,NA,NA,NA,NA,NA,NA,NA,NA,NA,1,NA,NA,NA,2,5,58,NA,NA
"1243",1243,1243,1243,"Haiti",2006,323,419,29,2,1,0,1,2,2,2,2,2,2,0,0,0,1,1,0,0,0,0,0,2,0,2,0,0,1,1,1,2,1,1,1,0,1,0,0,0,0,8,4,2,10,6,44,8,0,0,0,1,0,NA,NA,NA,NA,NA,NA,NA,NA,NA,NA,NA,NA,NA,NA,NA,NA,NA,NA,NA,NA,NA,NA,NA,NA,NA,NA,NA,NA,NA,NA,NA,NA,NA,1,NA,NA,NA,2,5,44,NA,NA
"1260",1260,1260,1260,"Honduras",2006,326,419,13,1,1,2,1,2,2,2,1,2,2,0,0,0,1,0,1,0,0,0,1,2,1,1,0,3,1,1,1,2,2,1,1,1,1,0,0,0,0,3,5,2,10,5,48,9,0,0,0,0,0,NA,NA,NA,NA,NA,NA,NA,NA,NA,NA,NA,NA,NA,NA,NA,NA,NA,NA,NA,NA,NA,NA,NA,NA,NA,NA,NA,NA,NA,NA,NA,NA,NA,1,NA,NA,NA,2,5,48,NA,NA
"1277",1277,1277,1277,"Hungary",2006,329,150,151,2,2,2,1,2,2,2,1,2,2,2,2,2,1,2,1,1,1,2,1,2,2,3,1,3,2,2,2,2,2,1,1,2,0,1,0,0,0,0,7,11,13,5,80,12,0,0,0,0,0,NA,NA,NA,NA,NA,NA,NA,NA,NA,NA,NA,NA,NA,NA,NA,NA,NA,NA,NA,NA,NA,NA,NA,NA,NA,NA,NA,NA,NA,NA,NA,NA,NA,1,NA,1,NA,2,6,80,NA,NA
"1294",1294,1294,1294,"Iceland",2006,332,150,154,2,2,2,2,2,2,2,1,2,1,2,2,2,2,2,2,2,1,2,2,3,3,3,3,3,2,2,2,2,2,2,2,2,0,1,0,0,0,0,8,14,15,4,92,14,0,0,0,0,0,NA,NA,NA,NA,NA,NA,NA,NA,NA,NA,NA,NA,NA,NA,NA,NA,NA,NA,NA,NA,NA,NA,NA,NA,NA,NA,NA,NA,NA,NA,NA,NA,NA,2,1,2,2,2,9,92,NA,NA
"1311",1311,1311,1311,"India",2006,335,142,62,0,0,0,0,1,1,2,1,2,1,1,1,1,0,0,0,0,0,1,1,2,1,0,1,2,2,1,1,2,0,1,1,1,0,0,1,0,0,38,0,3,4,3,32,8,1,1,1,1,1,3,NA,NA,NA,NA,NA,NA,NA,NA,NA,NA,NA,NA,NA,NA,NA,NA,NA,NA,NA,NA,NA,NA,NA,NA,NA,NA,NA,NA,NA,NA,NA,NA,1,NA,NA,NA,0,4,32,NA,NA
"1328",1328,1328,1328,"Indonesia",2006,338,142,35,2,1,1,0,1,1,1,1,2,1,1,1,2,0,0,0,0,0,1,0,2,0,0,1,1,1,1,2,1,1,1,2,1,0,0,1,0,0,16,4,4,8,3,40,9,0,0,0,0,1,NA,NA,NA,NA,NA,NA,NA,NA,NA,NA,NA,NA,NA,NA,NA,NA,NA,NA,NA,NA,NA,NA,NA,NA,NA,NA,NA,NA,NA,NA,NA,NA,NA,1,NA,NA,NA,2,3,40,NA,NA
"1345",1345,1345,1345,"Iran",2006,341,142,62,1,0,0,0,0,0,1,0,0,0,0,0,1,0,0,1,0,0,0,0,1,0,0,0,0,1,0,1,1,2,1,1,1,0,0,1,0,0,37,1,2,1,0,NA,7,1,1,0,1,1,2,NA,NA,NA,NA,NA,NA,NA,NA,NA,NA,NA,NA,NA,NA,NA,NA,NA,NA,NA,NA,NA,NA,NA,NA,NA,NA,NA,NA,NA,NA,NA,NA,NA,NA,NA,NA,0,1,NA,NA,NA
"1362",1362,1362,1362,"Iraq",2006,344,142,145,0,0,1,0,1,0,1,0,2,0,0,0,2,0,0,1,1,0,1,1,2,0,0,1,0,0,1,2,2,2,1,2,1,0,0,1,0,0,33,1,4,3,1,26,10,1,1,1,0,1,2,NA,NA,NA,NA,NA,NA,NA,NA,NA,NA,NA,NA,NA,NA,NA,NA,NA,NA,NA,NA,NA,NA,NA,NA,NA,NA,NA,NA,NA,NA,NA,NA,1,NA,NA,NA,0,2,26,NA,NA
"1379",1379,1379,1379,"Ireland",2006,347,150,154,2,2,2,1,2,2,2,1,2,2,2,2,1,1,2,1,2,1,2,2,2,3,3,3,3,2,2,1,2,2,1,2,2,0,1,0,0,0,0,7,11,15,5,84,12,0,0,0,0,0,NA,NA,NA,NA,NA,NA,NA,NA,NA,NA,NA,NA,NA,NA,NA,NA,NA,NA,NA,NA,NA,NA,NA,NA,NA,NA,NA,NA,NA,NA,NA,NA,NA,1,1,2,2,2,8,84,NA,NA
"1396",1396,1396,1396,"Israel",2006,350,142,145,2,0,0,0,1,1,2,1,1,0,2,1,1,0,1,0,1,1,2,1,2,1,1,1,1,2,1,1,2,2,2,1,2,0,0,1,0,0,22,2,6,5,2,44,11,1,1,0,1,1,2,NA,NA,NA,NA,NA,NA,NA,NA,NA,NA,NA,NA,NA,NA,NA,NA,NA,NA,NA,NA,NA,NA,NA,NA,NA,NA,NA,NA,NA,NA,NA,NA,1,NA,NA,NA,0,4,44,NA,NA
"1413",1413,1413,1413,"Italy",2006,353,150,39,2,2,1,1,2,2,2,2,2,1,2,2,2,1,1,2,1,1,1,2,2,3,3,1,3,2,2,2,2,2,2,2,2,0,1,0,0,0,0,6,11,12,5,78,14,0,0,0,0,0,NA,NA,NA,NA,NA,NA,NA,NA,NA,NA,NA,NA,NA,NA,NA,NA,NA,NA,NA,NA,NA,NA,NA,NA,NA,NA,NA,NA,NA,NA,NA,NA,NA,1,1,2,NA,2,8,78,NA,NA
"1430",1430,1430,1430,"Jamaica",2006,356,419,29,2,0,2,1,2,2,2,2,1,2,1,1,1,1,0,1,1,2,1,1,2,3,3,1,3,2,0,2,0,1,1,1,0,1,0,0,0,0,3,5,6,12,6,68,7,0,1,0,0,0,NA,NA,NA,NA,NA,NA,NA,NA,NA,NA,NA,NA,NA,NA,NA,NA,NA,NA,NA,NA,NA,NA,NA,NA,NA,NA,NA,NA,NA,NA,NA,NA,NA,1,NA,2,NA,2,7,68,NA,NA
"1447",1447,1447,1447,"Japan",2006,359,142,30,2,2,2,2,2,2,2,2,2,2,1,1,2,1,2,2,2,1,2,1,2,3,3,1,3,1,1,2,2,2,2,2,1,0,0,1,0,0,0,8,11,15,6,86,12,0,0,0,0,0,NA,NA,NA,NA,NA,NA,NA,NA,NA,NA,NA,NA,NA,NA,NA,NA,NA,NA,NA,NA,NA,NA,NA,NA,NA,NA,NA,NA,NA,NA,NA,NA,NA,1,NA,2,NA,2,7,86,NA,NA
"1464",1464,1464,1464,"Jordan",2006,362,142,145,2,1,1,0,1,1,1,0,0,1,1,1,1,0,0,1,1,0,1,1,1,0,1,1,0,1,1,1,1,1,1,1,1,0,0,1,0,0,0,4,5,7,2,40,7,0,0,0,0,1,NA,NA,NA,NA,NA,NA,NA,NA,NA,NA,NA,NA,NA,NA,NA,NA,NA,NA,NA,NA,NA,NA,NA,NA,NA,NA,NA,NA,NA,NA,NA,NA,NA,NA,NA,NA,NA,2,2,40,NA,NA
"1481",1481,1481,1481,"Kazakhstan",2006,365,142,62,2,1,1,0,1,1,1,0,1,0,0,0,1,0,1,1,0,0,0,1,2,2,0,0,3,1,1,2,1,2,1,2,2,0,0,1,0,0,0,4,3,5,1,32,10,0,0,0,0,1,NA,NA,NA,NA,NA,NA,NA,NA,NA,NA,NA,NA,NA,NA,NA,NA,NA,NA,NA,NA,NA,NA,NA,NA,NA,NA,NA,NA,NA,NA,NA,NA,NA,1,NA,1,NA,2,4,32,NA,NA
"1498",1498,1498,1498,"Kenya",2006,368,2,14,2,0,1,0,1,1,1,1,1,2,1,1,0,0,0,0,0,0,0,0,2,0,1,1,1,2,1,1,2,2,1,2,1,0,0,0,1,0,21,3,2,8,4,30,11,1,1,0,0,1,1,NA,NA,NA,NA,NA,NA,NA,NA,NA,NA,NA,NA,NA,NA,NA,NA,NA,NA,NA,NA,NA,NA,NA,NA,NA,NA,NA,NA,NA,NA,NA,NA,1,NA,NA,NA,0,3,30,NA,NA
"1515",1515,1515,1515,"Kiribati",2006,371,9,57,2,2,2,2,2,2,2,2,2,2,2,2,1,2,2,0,1,NA,2,1,1,2,3,2,2,2,2,0,2,2,0,1,NA,0,0,0,0,1,0,8,10,16,6,NA,9,0,0,0,0,0,NA,NA,NA,NA,NA,NA,NA,NA,NA,NA,NA,NA,NA,NA,NA,NA,NA,NA,NA,NA,NA,NA,NA,NA,NA,NA,NA,NA,NA,NA,NA,NA,NA,NA,NA,1,1,2,5,NA,NA,NA
"1532",1532,1532,1532,"Dem. Rep. Korea",2006,374,142,30,0,0,0,0,0,0,0,0,0,0,0,0,0,0,0,0,0,0,0,1,2,2,0,1,3,1,0,1,1,2,0,1,0,0,0,1,0,0,27,0,0,1,0,8,6,1,1,1,1,1,3,NA,NA,NA,NA,NA,NA,NA,NA,NA,NA,NA,NA,NA,NA,NA,NA,NA,NA,NA,NA,NA,NA,NA,NA,NA,NA,NA,NA,NA,NA,NA,NA,1,NA,1,NA,0,2,8,NA,NA
"1549",1549,1549,1549,"Korea",2006,377,142,30,2,2,0,1,2,1,2,1,2,2,2,1,2,2,2,1,1,0,2,1,2,NA,3,2,NA,2,1,2,2,2,1,2,1,0,0,1,0,0,0,5,11,12,5,NA,12,0,0,0,1,0,NA,NA,NA,NA,NA,NA,NA,NA,NA,NA,NA,NA,NA,NA,NA,NA,NA,NA,NA,NA,NA,NA,NA,NA,NA,NA,NA,NA,NA,NA,NA,NA,NA,1,NA,NA,1,2,4,NA,NA,NA
"1566",1566,1566,1566,"Kuwait",2006,380,142,145,2,2,2,1,1,0,2,1,0,0,0,0,1,0,1,0,0,0,1,0,0,1,1,1,1,1,1,1,2,2,1,2,1,0,0,1,0,0,0,7,2,10,2,38,10,0,0,0,0,0,NA,NA,NA,NA,NA,NA,NA,NA,NA,NA,NA,NA,NA,NA,NA,NA,NA,NA,NA,NA,NA,NA,NA,NA,NA,NA,NA,NA,NA,NA,NA,NA,NA,NA,NA,NA,NA,2,2,38,NA,NA
"1583",1583,1583,1583,"Kyrgyzstan",2006,383,142,62,2,1,1,0,1,1,0,1,1,1,2,1,1,0,0,1,0,1,0,1,1,0,0,0,3,2,0,2,2,2,1,2,2,0,0,1,0,0,0,4,5,7,3,38,11,0,0,0,0,1,NA,NA,NA,NA,NA,NA,NA,NA,NA,NA,NA,NA,NA,NA,NA,NA,NA,NA,NA,NA,NA,NA,NA,NA,NA,NA,NA,NA,NA,NA,NA,NA,NA,NA,NA,NA,NA,2,1,38,NA,NA
"1600",1600,1600,1600,"Lao PDR",2006,386,142,35,2,1,0,1,0,1,1,0,0,0,1,0,1,0,1,1,1,0,0,2,2,2,1,0,3,1,0,1,2,2,1,1,2,0,0,1,0,0,3,4,5,4,0,34,8,0,0,0,1,0,NA,NA,NA,NA,NA,NA,NA,NA,NA,NA,NA,NA,NA,NA,NA,NA,NA,NA,NA,NA,NA,NA,NA,NA,NA,NA,NA,NA,NA,NA,NA,NA,NA,1,1,1,NA,2,5,34,NA,NA
"1617",1617,1617,1617,"Latvia",2006,389,150,154,2,2,2,1,1,2,2,2,2,1,2,1,2,1,1,1,1,1,1,1,2,2,3,1,3,2,1,2,2,1,1,2,2,0,1,0,0,0,0,7,9,12,4,72,11,0,0,0,0,0,NA,NA,NA,NA,NA,NA,NA,NA,NA,NA,NA,NA,NA,NA,NA,NA,NA,NA,NA,NA,NA,NA,NA,NA,NA,NA,NA,NA,NA,NA,NA,NA,NA,1,NA,1,NA,2,6,72,NA,NA
"1634",1634,1634,1634,"Lebanon",2006,392,142,145,2,2,2,0,1,1,1,1,1,1,1,2,1,1,0,0,1,0,0,1,1,2,2,1,2,1,2,1,1,2,1,1,0,0,0,1,0,0,1,6,6,10,3,50,9,0,0,0,0,1,NA,NA,NA,NA,NA,NA,NA,NA,NA,NA,NA,NA,NA,NA,NA,NA,NA,NA,NA,NA,NA,NA,NA,NA,NA,NA,NA,NA,NA,NA,NA,NA,NA,NA,NA,1,NA,2,3,50,NA,NA
"1651",1651,1651,1651,"Lesotho",2006,395,2,18,2,1,2,1,2,2,2,1,2,2,1,1,0,1,1,1,1,1,2,1,2,2,3,1,2,2,1,1,2,2,1,2,1,0,0,0,1,0,3,6,6,12,5,68,11,0,0,0,0,0,NA,NA,NA,NA,NA,NA,NA,NA,NA,NA,NA,NA,NA,NA,NA,NA,NA,NA,NA,NA,NA,NA,NA,NA,NA,NA,NA,NA,NA,NA,NA,NA,NA,1,NA,1,NA,2,6,68,NA,NA
"1668",1668,1668,1668,"Liberia",2006,398,2,11,2,1,1,1,2,2,1,2,1,2,1,1,1,0,0,0,0,0,0,1,3,0,3,0,1,1,1,1,2,2,1,1,2,0,0,0,1,0,9,5,3,11,6,50,9,0,0,0,0,0,NA,NA,NA,NA,NA,NA,NA,NA,NA,NA,NA,NA,NA,NA,NA,NA,NA,NA,NA,NA,NA,NA,NA,NA,NA,NA,NA,NA,NA,NA,NA,NA,NA,2,NA,NA,NA,2,5,50,NA,NA
"1685",1685,1685,1685,"Libya",2006,401,2,15,2,1,0,0,0,1,2,0,0,0,2,0,2,2,0,0,1,0,0,1,1,1,0,0,1,0,0,2,2,2,0,1,0,0,0,0,1,0,20,3,7,3,0,36,7,0,0,0,1,1,NA,NA,NA,NA,NA,NA,NA,NA,NA,NA,NA,NA,NA,NA,NA,NA,NA,NA,NA,NA,NA,NA,NA,NA,NA,NA,NA,NA,NA,NA,NA,NA,NA,NA,NA,NA,NA,2,3,36,NA,NA
"1702",1702,1702,1702,"Liechtenstein",2006,404,150,155,2,2,2,2,1,2,2,2,2,2,2,2,2,2,2,1,2,NA,1,2,2,2,3,3,2,2,2,2,2,2,2,2,NA,0,1,0,0,0,0,8,13,16,5,NA,14,0,0,0,0,0,NA,NA,NA,NA,NA,NA,NA,NA,NA,NA,NA,NA,NA,NA,NA,NA,NA,NA,NA,NA,NA,NA,NA,NA,NA,NA,NA,NA,NA,NA,NA,NA,NA,1,1,1,2,2,7,NA,NA,NA
"1719",1719,1719,1719,"Lithuania",2006,407,150,154,2,2,2,1,1,2,2,1,2,2,1,1,2,1,1,1,2,1,2,1,3,1,3,2,2,2,1,2,2,2,1,2,2,0,1,0,0,0,0,7,9,13,4,76,12,0,0,0,0,0,NA,NA,NA,NA,NA,NA,NA,NA,NA,NA,NA,NA,NA,NA,NA,NA,NA,NA,NA,NA,NA,NA,NA,NA,NA,NA,NA,NA,NA,NA,NA,NA,NA,2,NA,NA,1,2,6,76,NA,NA
"1736",1736,1736,1736,"Luxembourg",2006,410,150,155,2,2,2,2,2,2,2,2,2,2,2,1,2,2,2,1,2,1,2,2,3,3,3,3,3,2,1,2,2,2,1,1,2,0,1,0,0,0,0,8,12,17,6,92,11,0,0,0,0,0,NA,NA,NA,NA,NA,NA,NA,NA,NA,NA,NA,NA,NA,NA,NA,NA,NA,NA,NA,NA,NA,NA,NA,NA,NA,NA,NA,NA,NA,NA,NA,NA,NA,2,1,2,2,2,9,92,NA,NA
"1753",1753,1753,1753,"North Macedonia",2006,413,150,39,2,2,1,0,1,2,2,1,2,1,1,1,0,1,1,0,1,1,0,1,2,2,3,1,3,2,2,2,2,2,0,2,2,0,1,0,0,0,0,5,5,9,3,56,12,0,0,0,0,1,NA,NA,NA,NA,NA,NA,NA,NA,NA,NA,NA,NA,NA,NA,NA,NA,NA,NA,NA,NA,NA,NA,NA,NA,NA,NA,NA,NA,NA,NA,NA,NA,NA,1,NA,1,NA,2,6,56,NA,NA
"1770",1770,1770,1770,"Madagascar",2006,416,2,14,2,1,1,1,1,1,2,1,2,1,1,1,1,1,0,0,1,0,0,1,2,1,3,0,2,1,1,1,2,2,1,2,0,0,0,0,1,0,8,5,5,8,3,50,10,0,0,0,0,0,NA,NA,NA,NA,NA,NA,NA,NA,NA,NA,NA,NA,NA,NA,NA,NA,NA,NA,NA,NA,NA,NA,NA,NA,NA,NA,NA,NA,NA,NA,NA,NA,NA,1,NA,NA,NA,2,4,50,NA,NA
"1787",1787,1787,1787,"Malawi",2006,419,2,14,2,1,1,0,1,2,2,1,1,2,1,1,0,1,0,0,0,1,2,1,2,1,3,2,1,2,1,1,2,2,1,2,0,0,0,0,1,0,1,4,3,10,4,54,11,0,0,0,0,1,NA,NA,NA,NA,NA,NA,NA,NA,NA,NA,NA,NA,NA,NA,NA,NA,NA,NA,NA,NA,NA,NA,NA,NA,NA,NA,NA,NA,NA,NA,NA,NA,NA,1,NA,NA,1,2,5,54,NA,NA
"1804",1804,1804,1804,"Malaysia",2006,422,142,35,2,1,0,1,0,1,1,1,1,0,0,0,1,1,0,0,1,0,1,1,2,1,2,1,2,1,1,1,1,1,0,1,1,0,0,1,0,0,1,4,3,6,1,38,6,0,0,0,1,0,NA,NA,NA,NA,NA,NA,NA,NA,NA,NA,NA,NA,NA,NA,NA,NA,NA,NA,NA,NA,NA,NA,NA,NA,NA,NA,NA,NA,NA,NA,NA,NA,NA,1,NA,NA,NA,2,3,38,NA,NA
"1821",1821,1821,1821,"Maldives",2006,425,142,62,2,2,0,1,1,2,2,1,1,0,0,0,0,0,1,0,0,NA,0,1,2,1,1,0,1,0,0,0,0,2,0,0,NA,0,0,1,0,0,0,5,1,7,2,NA,2,0,0,0,1,0,NA,NA,NA,NA,NA,NA,NA,NA,NA,NA,NA,NA,NA,NA,NA,NA,NA,NA,NA,NA,NA,NA,NA,NA,NA,NA,NA,NA,NA,NA,NA,NA,NA,1,NA,NA,NA,2,5,NA,NA,NA
"1838",1838,1838,1838,"Mali",2006,428,2,11,2,2,1,1,1,2,1,2,2,2,1,1,1,1,0,0,0,1,0,1,2,NA,3,1,NA,2,1,1,2,1,1,2,1,0,0,0,1,0,4,6,4,12,5,NA,10,0,0,0,0,0,NA,NA,NA,NA,NA,NA,NA,NA,NA,NA,NA,NA,NA,NA,NA,NA,NA,NA,NA,NA,NA,NA,NA,NA,NA,NA,NA,NA,NA,NA,NA,NA,NA,1,NA,NA,NA,2,4,NA,NA,NA
"1855",1855,1855,1855,"Malta",2006,431,150,39,2,2,2,2,2,2,2,1,2,2,2,2,2,1,2,2,1,NA,2,2,2,NA,3,3,NA,2,2,2,2,2,2,2,NA,0,1,0,0,0,0,8,12,16,5,NA,14,0,0,0,0,0,NA,NA,NA,NA,NA,NA,NA,NA,NA,NA,NA,NA,NA,NA,NA,NA,NA,NA,NA,NA,NA,NA,NA,NA,NA,NA,NA,NA,NA,NA,NA,NA,NA,1,1,NA,2,2,6,NA,NA,NA
"1872",1872,1872,1872,"Marshall Islands",2006,434,9,57,2,2,2,2,2,2,2,2,2,2,1,0,0,1,0,2,1,NA,2,2,2,NA,2,3,NA,1,0,0,2,0,2,1,NA,0,0,0,0,1,0,8,5,17,6,NA,6,0,0,0,0,0,NA,NA,NA,NA,NA,NA,NA,NA,NA,NA,NA,NA,NA,NA,NA,NA,NA,NA,NA,NA,NA,NA,NA,NA,NA,NA,NA,NA,NA,NA,NA,NA,NA,1,1,NA,2,2,6,NA,NA,NA
"1889",1889,1889,1889,"Mauritania",2006,437,2,11,2,2,1,1,1,2,1,1,0,1,1,2,0,0,1,0,1,0,0,1,2,NA,2,1,NA,1,1,1,2,1,1,2,2,0,0,0,1,0,2,6,5,10,3,NA,9,0,0,0,0,0,NA,NA,NA,NA,NA,NA,NA,NA,NA,NA,NA,NA,NA,NA,NA,NA,NA,NA,NA,NA,NA,NA,NA,NA,NA,NA,NA,NA,NA,NA,NA,NA,NA,1,NA,NA,NA,2,4,NA,NA,NA
"1906",1906,1906,1906,"Mauritius",2006,440,2,14,2,1,2,0,2,2,2,2,2,2,1,0,1,1,1,1,1,1,2,2,2,NA,3,3,NA,1,0,1,2,2,1,2,1,0,0,0,1,0,0,5,6,14,6,NA,9,0,0,0,0,1,NA,NA,NA,NA,NA,NA,NA,NA,NA,NA,NA,NA,NA,NA,NA,NA,NA,NA,NA,NA,NA,NA,NA,NA,NA,NA,NA,NA,NA,NA,NA,NA,NA,1,1,NA,2,2,6,NA,NA,NA
"1923",1923,1923,1923,"Mexico",2006,443,419,13,1,0,0,0,2,2,2,1,1,1,1,2,1,1,0,1,1,0,1,2,2,NA,1,0,NA,1,2,1,2,2,1,2,1,1,0,0,0,0,19,1,7,5,4,NA,11,1,1,0,1,1,2,NA,NA,NA,NA,NA,NA,NA,NA,NA,NA,NA,NA,NA,NA,NA,NA,NA,NA,NA,NA,NA,NA,NA,NA,NA,NA,NA,NA,NA,NA,NA,NA,1,1,NA,NA,0,6,NA,NA,NA
"1940",1940,1940,1940,"Micronesia, Fed. Sts.",2006,446,9,57,2,2,2,1,2,2,2,2,1,2,2,0,0,2,0,1,0,NA,2,2,1,NA,3,1,NA,1,0,0,2,0,1,0,NA,0,0,0,0,1,0,7,5,14,6,NA,4,0,0,0,0,0,NA,NA,NA,NA,NA,NA,NA,NA,NA,NA,NA,NA,NA,NA,NA,NA,NA,NA,NA,NA,NA,NA,NA,NA,NA,NA,NA,NA,NA,NA,NA,NA,NA,NA,1,NA,NA,2,5,NA,NA,NA
"1957",1957,1957,1957,"Moldova",2006,449,150,151,2,2,1,0,1,1,2,1,1,1,1,1,2,1,0,1,1,0,0,2,2,NA,1,0,NA,1,1,2,2,2,1,2,2,0,1,0,0,0,0,5,7,8,3,NA,11,0,0,0,0,1,NA,NA,NA,NA,NA,NA,NA,NA,NA,NA,NA,NA,NA,NA,NA,NA,NA,NA,NA,NA,NA,NA,NA,NA,NA,NA,NA,NA,NA,NA,NA,NA,NA,1,1,NA,NA,2,5,NA,NA,NA
"1974",1974,1974,1974,"Monaco",2006,452,150,155,2,2,2,2,2,2,2,1,0,2,2,1,2,2,2,2,2,NA,2,2,2,NA,3,3,NA,2,1,2,2,2,2,2,NA,0,1,0,0,0,0,8,13,16,5,NA,13,0,0,0,0,0,NA,NA,NA,NA,NA,NA,NA,NA,NA,NA,NA,NA,NA,NA,NA,NA,NA,NA,NA,NA,NA,NA,NA,NA,NA,NA,NA,NA,NA,NA,NA,NA,NA,1,1,NA,2,2,6,NA,NA,NA
"1991",1991,1991,1991,"Mongolia",2006,455,142,30,2,1,1,0,2,2,2,1,2,1,1,1,1,1,0,1,1,0,1,2,1,NA,3,1,NA,2,1,2,2,2,1,2,1,0,0,1,0,0,0,4,6,9,4,NA,12,0,0,0,0,1,NA,NA,NA,NA,NA,NA,NA,NA,NA,NA,NA,NA,NA,NA,NA,NA,NA,NA,NA,NA,NA,NA,NA,NA,NA,NA,NA,NA,NA,NA,NA,NA,NA,NA,1,NA,NA,2,5,NA,NA,NA
"2007",2007,2007,2007,"Montenegro",2006,458,150,39,2,2,2,0,2,2,2,1,2,2,2,1,2,1,2,1,0,NA,1,1,1,NA,3,1,NA,2,2,2,2,2,1,1,NA,0,1,0,0,0,0,6,9,12,5,NA,12,0,0,0,0,1,NA,NA,NA,NA,NA,NA,NA,NA,NA,NA,NA,NA,NA,NA,NA,NA,NA,NA,NA,NA,NA,NA,NA,NA,NA,NA,NA,NA,NA,NA,NA,NA,NA,NA,NA,NA,NA,2,4,NA,NA,NA
"2024",2024,2024,2024,"Morocco",2006,461,2,15,2,1,0,1,1,1,2,1,1,0,1,1,0,1,0,1,0,0,0,1,2,NA,1,0,NA,1,1,1,2,2,1,1,1,0,0,0,1,0,1,4,4,6,2,NA,9,0,0,0,1,0,NA,NA,NA,NA,NA,NA,NA,NA,NA,NA,NA,NA,NA,NA,NA,NA,NA,NA,NA,NA,NA,NA,NA,NA,NA,NA,NA,NA,NA,NA,NA,NA,NA,1,NA,NA,NA,2,4,NA,NA,NA
"2041",2041,2041,2041,"Mozambique",2006,464,2,14,2,1,1,1,1,2,1,1,1,1,1,1,1,1,0,1,0,1,0,1,3,1,2,0,2,2,1,1,2,1,1,2,0,0,0,0,1,0,6,5,5,8,3,50,10,0,0,0,0,0,NA,NA,NA,NA,NA,NA,NA,NA,NA,NA,NA,NA,NA,NA,NA,NA,NA,NA,NA,NA,NA,NA,NA,NA,NA,NA,NA,NA,NA,NA,NA,NA,NA,2,NA,NA,NA,2,5,50,NA,NA
"2058",2058,2058,2058,"Namibia",2006,467,2,18,2,1,2,0,2,2,2,1,2,2,1,1,1,1,0,0,1,1,2,1,2,1,2,1,3,2,1,1,2,2,0,2,2,0,0,0,1,0,5,5,5,11,5,62,10,0,0,0,0,1,NA,NA,NA,NA,NA,NA,NA,NA,NA,NA,NA,NA,NA,NA,NA,NA,NA,NA,NA,NA,NA,NA,NA,NA,NA,NA,NA,NA,NA,NA,NA,NA,NA,1,NA,NA,NA,2,5,62,NA,NA
"2075",2075,2075,2075,"Nauru",2006,470,9,57,2,2,2,2,2,2,2,2,2,1,1,0,2,2,2,0,1,NA,2,2,1,NA,2,1,NA,1,0,2,2,2,0,1,NA,0,0,0,0,1,0,8,8,14,5,NA,8,0,0,0,0,0,NA,NA,NA,NA,NA,NA,NA,NA,NA,NA,NA,NA,NA,NA,NA,NA,NA,NA,NA,NA,NA,NA,NA,NA,NA,NA,NA,NA,NA,NA,NA,NA,NA,NA,1,NA,NA,2,5,NA,NA,NA
"2092",2092,2092,2092,"Nepal",2006,473,142,62,0,0,0,0,0,1,1,1,0,1,2,1,1,1,0,1,0,0,1,1,1,NA,0,0,NA,2,1,1,2,2,1,1,2,0,0,1,0,0,15,0,6,2,2,NA,10,1,1,1,1,1,3,NA,NA,NA,NA,NA,NA,NA,NA,NA,NA,NA,NA,NA,NA,NA,NA,NA,NA,NA,NA,NA,NA,NA,NA,NA,NA,NA,NA,NA,NA,NA,NA,NA,NA,NA,NA,0,2,NA,NA,NA
"2109",2109,2109,2109,"Netherlands",2006,476,150,155,2,2,2,2,2,2,2,2,2,2,2,2,2,1,2,2,2,1,2,2,3,2,3,3,3,2,2,2,2,2,2,2,2,0,1,0,0,0,0,8,13,17,6,92,14,0,0,0,0,0,NA,NA,NA,NA,NA,NA,NA,NA,NA,NA,NA,NA,NA,NA,NA,NA,NA,NA,NA,NA,NA,NA,NA,NA,NA,NA,NA,NA,NA,NA,NA,NA,NA,2,1,1,2,2,8,92,NA,NA
"2126",2126,2126,2126,"New Zealand",2006,479,9,53,2,2,2,1,2,2,2,2,2,2,2,2,1,1,2,2,2,2,2,3,2,3,3,3,3,2,2,1,2,2,2,2,2,0,0,0,0,1,0,7,12,16,6,92,13,0,0,0,0,0,NA,NA,NA,NA,NA,NA,NA,NA,NA,NA,NA,NA,NA,NA,NA,NA,NA,NA,NA,NA,NA,NA,NA,NA,NA,NA,NA,NA,NA,NA,NA,NA,NA,1,2,2,2,2,9,92,NA,NA
"2143",2143,2143,2143,"Nicaragua",2006,482,419,13,2,1,2,0,2,2,2,1,2,2,1,0,0,1,0,1,0,1,0,1,2,3,1,1,3,2,1,1,2,2,1,2,2,1,0,0,0,0,11,5,3,11,5,56,11,0,0,0,0,1,NA,NA,NA,NA,NA,NA,NA,NA,NA,NA,NA,NA,NA,NA,NA,NA,NA,NA,NA,NA,NA,NA,NA,NA,NA,NA,NA,NA,NA,NA,NA,NA,NA,1,NA,2,NA,2,7,56,NA,NA
"2160",2160,2160,2160,"Niger",2006,485,2,11,2,1,1,1,1,2,1,0,2,2,2,2,1,0,0,1,1,1,0,1,2,1,2,0,2,2,2,1,1,1,1,2,0,0,0,0,1,0,0,5,7,8,3,54,10,0,0,0,0,0,NA,NA,NA,NA,NA,NA,NA,NA,NA,NA,NA,NA,NA,NA,NA,NA,NA,NA,NA,NA,NA,NA,NA,NA,NA,NA,NA,NA,NA,NA,NA,NA,NA,1,NA,NA,NA,2,4,54,NA,NA
"2177",2177,2177,2177,"Nigeria",2006,488,2,11,2,0,0,0,1,2,1,1,1,1,1,1,1,0,1,1,1,0,0,0,1,0,1,0,1,1,1,1,2,1,1,2,1,0,0,0,1,0,25,2,6,5,3,34,9,1,1,0,1,1,2,NA,NA,NA,NA,NA,NA,NA,NA,NA,NA,NA,NA,NA,NA,NA,NA,NA,NA,NA,NA,NA,NA,NA,NA,NA,NA,NA,NA,NA,NA,NA,NA,NA,NA,NA,NA,0,3,34,NA,NA
"2194",2194,2194,2194,"Norway",2006,491,150,154,2,2,2,2,2,2,2,2,2,2,2,1,2,1,2,2,2,0,2,3,3,3,3,3,3,2,2,2,2,2,2,2,2,0,1,0,0,0,0,8,12,17,6,92,14,0,0,0,0,0,NA,NA,NA,NA,NA,NA,NA,NA,NA,NA,NA,NA,NA,NA,NA,NA,NA,NA,NA,NA,NA,NA,NA,NA,NA,NA,NA,NA,NA,NA,NA,NA,NA,2,2,2,2,2,10,92,NA,NA
"2211",2211,2211,2211,"Oman",2006,494,142,145,2,2,1,2,1,2,0,0,0,1,1,1,0,1,2,1,2,1,1,1,2,0,0,1,0,1,1,1,2,2,1,2,1,0,0,1,0,0,0,7,8,10,2,52,10,0,0,0,0,0,NA,NA,NA,NA,NA,NA,NA,NA,NA,NA,NA,NA,NA,NA,NA,NA,NA,NA,NA,NA,NA,NA,NA,NA,NA,NA,NA,NA,NA,NA,NA,NA,NA,1,NA,NA,NA,2,3,52,NA,NA
"2228",2228,2228,2228,"Pakistan",2006,497,142,62,0,0,0,0,1,1,2,1,1,0,0,0,0,0,0,0,0,0,0,0,2,0,2,0,1,1,1,1,2,1,1,1,1,0,0,1,0,0,30,0,0,2,2,16,8,1,1,1,1,1,3,NA,NA,NA,NA,NA,NA,NA,NA,NA,NA,NA,NA,NA,NA,NA,NA,NA,NA,NA,NA,NA,NA,NA,NA,NA,NA,NA,NA,NA,NA,NA,NA,1,NA,NA,NA,0,4,16,NA,NA
"2245",2245,2245,2245,"Palau",2006,500,9,57,2,2,2,2,2,2,2,2,2,2,2,0,2,1,0,1,1,NA,2,3,1,3,3,3,3,2,0,0,1,0,1,1,NA,0,0,0,0,1,0,8,7,17,6,NA,5,0,0,0,0,0,NA,NA,NA,NA,NA,NA,NA,NA,NA,NA,NA,NA,NA,NA,NA,NA,NA,NA,NA,NA,NA,NA,NA,NA,NA,NA,NA,NA,NA,NA,NA,NA,NA,NA,2,2,2,2,8,NA,NA,NA
"2262",2262,2262,2262,"Panama",2006,503,419,13,2,2,2,1,2,2,2,2,2,2,1,1,1,2,1,0,1,1,0,1,2,2,3,1,3,1,1,1,2,2,1,2,2,1,0,0,0,0,1,7,7,14,6,70,10,0,0,0,0,0,NA,NA,NA,NA,NA,NA,NA,NA,NA,NA,NA,NA,NA,NA,NA,NA,NA,NA,NA,NA,NA,NA,NA,NA,NA,NA,NA,NA,NA,NA,NA,NA,NA,1,NA,1,NA,2,6,70,NA,NA
"2279",2279,2279,2279,"Papua New Guinea",2006,506,9,54,2,1,2,0,1,2,2,2,2,2,1,1,1,2,1,0,1,0,2,1,1,1,2,2,3,1,2,1,2,1,1,1,0,0,0,0,0,1,6,5,7,12,5,64,9,0,0,0,0,1,NA,NA,NA,NA,NA,NA,NA,NA,NA,NA,NA,NA,NA,NA,NA,NA,NA,NA,NA,NA,NA,NA,NA,NA,NA,NA,NA,NA,NA,NA,NA,NA,NA,NA,NA,NA,1,2,4,64,NA,NA
"2296",2296,2296,2296,"Paraguay",2006,509,419,5,1,1,2,0,1,1,2,1,1,2,1,1,0,1,0,0,0,0,0,1,2,1,2,1,3,1,2,1,2,2,1,2,2,1,0,0,0,0,0,4,3,9,4,44,11,0,0,0,0,1,NA,NA,NA,NA,NA,NA,NA,NA,NA,NA,NA,NA,NA,NA,NA,NA,NA,NA,NA,NA,NA,NA,NA,NA,NA,NA,NA,NA,NA,NA,NA,NA,NA,1,NA,NA,NA,2,4,44,NA,NA
"2313",2313,2313,2313,"Peru",2006,512,419,5,2,1,1,1,1,2,2,1,2,2,1,0,1,0,0,1,0,0,2,1,2,2,1,1,3,2,1,1,2,1,1,1,2,1,0,0,0,0,13,5,3,10,4,54,9,0,0,0,0,0,NA,NA,NA,NA,NA,NA,NA,NA,NA,NA,NA,NA,NA,NA,NA,NA,NA,NA,NA,NA,NA,NA,NA,NA,NA,NA,NA,NA,NA,NA,NA,NA,NA,1,NA,1,NA,2,6,54,NA,NA
"2330",2330,2330,2330,"Philippines",2006,515,142,35,0,0,0,0,2,2,2,1,2,2,1,1,0,2,0,0,1,1,0,1,2,2,1,1,2,2,1,1,2,2,1,1,2,0,0,1,0,0,28,0,5,6,5,44,10,1,1,1,1,1,3,NA,NA,NA,NA,NA,NA,NA,NA,NA,NA,NA,NA,NA,NA,NA,NA,NA,NA,NA,NA,NA,NA,NA,NA,NA,NA,NA,NA,NA,NA,NA,NA,1,NA,1,NA,0,6,44,NA,NA
"2347",2347,2347,2347,"Poland",2006,518,150,151,2,2,2,1,1,2,2,1,2,2,1,1,1,1,1,0,0,0,2,1,2,3,3,2,3,1,1,2,2,2,1,2,2,0,1,0,0,0,0,7,5,13,4,66,11,0,0,0,0,0,NA,NA,NA,NA,NA,NA,NA,NA,NA,NA,NA,NA,NA,NA,NA,NA,NA,NA,NA,NA,NA,NA,NA,NA,NA,NA,NA,NA,NA,NA,NA,NA,NA,1,NA,2,1,2,7,66,NA,NA
"2364",2364,2364,2364,"Portugal",2006,521,150,39,2,2,2,1,2,2,2,2,2,2,2,2,2,1,2,1,2,1,2,1,2,2,2,1,3,2,2,2,2,2,1,2,2,0,1,0,0,0,0,7,12,14,6,82,13,0,0,0,0,0,NA,NA,NA,NA,NA,NA,NA,NA,NA,NA,NA,NA,NA,NA,NA,NA,NA,NA,NA,NA,NA,NA,NA,NA,NA,NA,NA,NA,NA,NA,NA,NA,NA,1,NA,1,NA,2,6,82,NA,NA
"2381",2381,2381,2381,"Qatar",2006,524,142,145,2,2,1,1,0,2,2,0,0,1,0,0,1,0,2,0,0,NA,1,1,1,0,0,2,0,1,1,1,2,2,0,1,NA,0,0,1,0,0,0,6,3,9,1,NA,8,0,0,0,0,0,NA,NA,NA,NA,NA,NA,NA,NA,NA,NA,NA,NA,NA,NA,NA,NA,NA,NA,NA,NA,NA,NA,NA,NA,NA,NA,NA,NA,NA,NA,NA,NA,NA,NA,NA,NA,1,2,4,NA,NA,NA
"2398",2398,2398,2398,"Romania",2006,527,150,151,2,1,2,0,1,2,2,1,1,1,1,0,2,1,0,1,0,0,1,1,2,2,1,2,3,2,1,2,2,2,1,1,2,0,1,0,0,0,0,5,5,10,3,52,11,0,0,0,0,1,NA,NA,NA,NA,NA,NA,NA,NA,NA,NA,NA,NA,NA,NA,NA,NA,NA,NA,NA,NA,NA,NA,NA,NA,NA,NA,NA,NA,NA,NA,NA,NA,NA,1,NA,1,1,2,6,52,NA,NA
"2415",2415,2415,2415,"Russia",2006,530,150,151,0,1,1,0,1,1,0,0,1,0,0,0,1,0,0,0,0,0,1,1,2,3,0,1,3,1,1,2,2,2,1,2,2,0,1,0,0,0,17,2,1,4,1,28,11,0,0,1,0,1,NA,NA,NA,NA,NA,NA,NA,NA,NA,NA,NA,NA,NA,NA,NA,NA,NA,NA,NA,NA,NA,NA,NA,NA,NA,NA,NA,NA,NA,NA,NA,NA,NA,1,NA,2,NA,2,4,28,NA,NA
"2432",2432,2432,2432,"Rwanda",2006,533,2,14,2,1,1,0,1,2,2,1,1,0,1,0,1,1,0,0,1,0,0,1,3,2,0,0,3,1,1,1,2,2,1,1,0,0,0,0,1,0,12,4,4,6,2,42,9,0,0,0,0,1,NA,NA,NA,NA,NA,NA,NA,NA,NA,NA,NA,NA,NA,NA,NA,NA,NA,NA,NA,NA,NA,NA,NA,NA,NA,NA,NA,NA,NA,NA,NA,NA,NA,2,NA,1,NA,2,7,42,NA,NA
"2449",2449,2449,2449,"St. Kitts and Nevis",2006,536,419,29,2,2,2,2,2,2,2,2,1,2,1,1,1,2,2,1,1,2,2,2,2,2,3,3,3,1,0,1,2,2,1,1,0,1,0,0,0,0,0,8,9,17,6,82,8,0,0,0,0,0,NA,NA,NA,NA,NA,NA,NA,NA,NA,NA,NA,NA,NA,NA,NA,NA,NA,NA,NA,NA,NA,NA,NA,NA,NA,NA,NA,NA,NA,NA,NA,NA,NA,1,1,1,2,2,7,82,NA,NA
"2466",2466,2466,2466,"St. Lucia",2006,539,419,29,2,1,2,0,2,2,2,2,2,2,2,2,1,2,2,0,1,1,2,2,2,3,1,2,3,2,2,1,2,2,0,2,0,1,0,0,0,0,0,5,10,13,6,76,11,0,0,0,0,1,NA,NA,NA,NA,NA,NA,NA,NA,NA,NA,NA,NA,NA,NA,NA,NA,NA,NA,NA,NA,NA,NA,NA,NA,NA,NA,NA,NA,NA,NA,NA,NA,NA,1,1,2,1,2,8,76,NA,NA
"2483",2483,2483,2483,"St. Vincent and the Grenadines",2006,542,419,29,2,2,2,1,2,2,2,2,1,2,1,1,1,2,2,1,0,2,2,2,2,NA,2,1,NA,1,1,1,2,2,1,1,0,1,0,0,0,0,0,7,8,14,6,NA,9,0,0,0,0,0,NA,NA,NA,NA,NA,NA,NA,NA,NA,NA,NA,NA,NA,NA,NA,NA,NA,NA,NA,NA,NA,NA,NA,NA,NA,NA,NA,NA,NA,NA,NA,NA,NA,1,1,NA,NA,2,6,NA,NA,NA
"2500",2500,2500,2500,"Samoa",2006,545,9,61,2,2,2,2,2,2,2,2,2,2,2,2,2,1,2,1,1,NA,2,2,2,NA,3,2,NA,2,2,2,2,2,1,1,NA,0,0,0,0,1,0,8,11,16,6,NA,12,0,0,0,0,0,NA,NA,NA,NA,NA,NA,NA,NA,NA,NA,NA,NA,NA,NA,NA,NA,NA,NA,NA,NA,NA,NA,NA,NA,NA,NA,NA,NA,NA,NA,NA,NA,NA,1,1,NA,1,2,6,NA,NA,NA
"2517",2517,2517,2517,"San Marino",2006,548,150,39,2,2,2,2,2,2,2,2,2,2,2,2,1,2,1,1,2,NA,2,3,2,2,3,3,3,2,2,2,2,1,1,2,NA,0,1,0,0,0,0,8,11,17,6,NA,12,0,0,0,0,0,NA,NA,NA,NA,NA,NA,NA,NA,NA,NA,NA,NA,NA,NA,NA,NA,NA,NA,NA,NA,NA,NA,NA,NA,NA,NA,NA,NA,NA,NA,NA,NA,NA,1,2,1,2,2,8,NA,NA,NA
"2534",2534,2534,2534,"Sao Tome and Principe",2006,551,2,17,2,1,2,1,2,2,2,2,2,2,2,2,2,2,1,0,0,NA,1,1,2,2,3,1,3,1,1,2,2,2,0,2,NA,0,0,0,1,0,0,6,9,13,6,NA,10,0,0,0,0,0,NA,NA,NA,NA,NA,NA,NA,NA,NA,NA,NA,NA,NA,NA,NA,NA,NA,NA,NA,NA,NA,NA,NA,NA,NA,NA,NA,NA,NA,NA,NA,NA,NA,1,NA,1,NA,2,6,NA,NA,NA
"2551",2551,2551,2551,"Saudi Arabia",2006,554,142,145,2,1,0,1,0,0,0,0,0,0,0,0,1,0,1,0,0,1,1,0,0,2,0,0,2,0,0,1,1,1,0,1,0,0,0,1,0,0,3,4,2,4,0,22,4,0,0,0,1,0,NA,NA,NA,NA,NA,NA,NA,NA,NA,NA,NA,NA,NA,NA,NA,NA,NA,NA,NA,NA,NA,NA,NA,NA,NA,NA,NA,NA,NA,NA,NA,NA,NA,NA,NA,1,NA,2,1,22,NA,NA
"2568",2568,2568,2568,"Senegal",2006,557,2,11,2,1,1,1,1,1,2,1,2,2,1,1,0,1,0,1,0,1,0,0,2,2,1,0,2,1,1,1,2,2,1,1,2,0,0,0,1,0,3,5,4,9,4,48,9,0,0,0,0,0,NA,NA,NA,NA,NA,NA,NA,NA,NA,NA,NA,NA,NA,NA,NA,NA,NA,NA,NA,NA,NA,NA,NA,NA,NA,NA,NA,NA,NA,NA,NA,NA,NA,1,NA,1,NA,2,5,48,NA,NA
"2584",2584,2584,2584,"Serbia",2006,560,150,39,2,2,2,0,2,1,2,0,1,1,1,1,1,1,2,0,0,NA,0,1,2,2,0,0,3,2,0,2,2,2,0,1,NA,0,1,0,0,0,0,6,6,9,3,NA,9,0,0,0,0,1,NA,NA,NA,NA,NA,NA,NA,NA,NA,NA,NA,NA,NA,NA,NA,NA,NA,NA,NA,NA,NA,NA,NA,NA,NA,NA,NA,NA,NA,NA,NA,NA,NA,1,NA,1,NA,2,5,NA,NA,NA
"2602",2602,2602,2602,"Seychelles",2006,566,2,14,2,2,2,2,1,1,2,0,2,2,1,0,1,2,2,0,1,NA,0,1,3,2,1,2,2,2,1,1,2,2,0,2,NA,0,0,0,1,0,0,8,7,13,3,NA,10,0,0,0,0,0,NA,NA,NA,NA,NA,NA,NA,NA,NA,NA,NA,NA,NA,NA,NA,NA,NA,NA,NA,NA,NA,NA,NA,NA,NA,NA,NA,NA,NA,NA,NA,NA,NA,2,NA,1,1,2,6,NA,NA,NA
"2619",2619,2619,2619,"Sierra Leone",2006,569,2,11,2,1,1,1,2,1,1,1,1,2,2,1,0,0,0,0,0,0,1,1,2,0,3,0,1,1,1,0,1,1,1,1,2,0,0,0,1,0,6,5,3,10,5,46,6,0,0,0,0,0,NA,NA,NA,NA,NA,NA,NA,NA,NA,NA,NA,NA,NA,NA,NA,NA,NA,NA,NA,NA,NA,NA,NA,NA,NA,NA,NA,NA,NA,NA,NA,NA,NA,1,NA,NA,NA,2,3,46,NA,NA
"2636",2636,2636,2636,"Singapore",2006,572,142,35,2,2,0,1,1,1,1,0,2,0,1,1,1,2,1,0,2,1,1,2,2,2,1,1,3,1,1,1,2,1,0,2,2,0,0,1,0,0,0,5,8,7,1,54,8,0,0,0,1,0,NA,NA,NA,NA,NA,NA,NA,NA,NA,NA,NA,NA,NA,NA,NA,NA,NA,NA,NA,NA,NA,NA,NA,NA,NA,NA,NA,NA,NA,NA,NA,NA,NA,1,1,1,NA,2,5,54,NA,NA
"2653",2653,2653,2653,"Slovakia",2006,575,150,151,2,2,2,1,1,2,2,2,2,1,2,1,1,1,2,1,2,0,1,1,2,2,3,1,2,2,1,1,2,2,1,2,2,0,1,0,0,0,0,7,10,12,4,72,11,0,0,0,0,0,NA,NA,NA,NA,NA,NA,NA,NA,NA,NA,NA,NA,NA,NA,NA,NA,NA,NA,NA,NA,NA,NA,NA,NA,NA,NA,NA,NA,NA,NA,NA,NA,NA,1,NA,1,NA,2,6,72,NA,NA
"2670",2670,2670,2670,"Slovenia",2006,578,150,39,2,2,2,1,2,2,2,1,2,2,2,2,2,1,2,2,2,0,2,2,2,1,3,1,2,2,2,2,2,2,2,2,1,0,1,0,0,0,0,7,13,13,5,82,14,0,0,0,0,0,NA,NA,NA,NA,NA,NA,NA,NA,NA,NA,NA,NA,NA,NA,NA,NA,NA,NA,NA,NA,NA,NA,NA,NA,NA,NA,NA,NA,NA,NA,NA,NA,NA,1,1,NA,NA,2,6,82,NA,NA
"2687",2687,2687,2687,"Solomon Is.",2006,581,9,54,2,2,2,2,1,2,2,2,2,2,2,1,1,2,1,0,2,NA,2,1,1,2,3,1,2,2,2,1,2,1,1,2,NA,0,0,0,0,1,0,8,9,14,5,NA,11,0,0,0,0,0,NA,NA,NA,NA,NA,NA,NA,NA,NA,NA,NA,NA,NA,NA,NA,NA,NA,NA,NA,NA,NA,NA,NA,NA,NA,NA,NA,NA,NA,NA,NA,NA,NA,NA,NA,1,NA,2,5,NA,NA,NA
"2704",2704,2704,2704,"Somalia",2006,584,2,14,NA,NA,NA,NA,NA,NA,NA,NA,NA,NA,0,0,0,0,0,0,0,0,NA,NA,NA,0,0,0,1,2,2,0,2,2,0,0,2,0,0,0,1,0,9,NA,0,NA,NA,NA,8,NA,NA,NA,NA,NA,NA,NA,NA,NA,NA,NA,NA,NA,NA,NA,NA,NA,NA,NA,NA,NA,NA,NA,NA,NA,NA,NA,NA,NA,NA,NA,NA,NA,NA,NA,NA,NA,NA,NA,NA,NA,NA,NA,0,NA,NA,NA
"2721",2721,2721,2721,"South Africa",2006,587,2,18,2,0,2,0,1,2,2,1,2,2,2,2,1,1,1,1,1,0,2,1,3,1,3,2,3,2,2,1,2,2,1,1,1,0,0,0,1,0,30,4,9,10,4,64,11,1,1,0,0,1,1,NA,NA,NA,NA,NA,NA,NA,NA,NA,NA,NA,NA,NA,NA,NA,NA,NA,NA,NA,NA,NA,NA,NA,NA,NA,NA,NA,NA,NA,NA,NA,NA,2,NA,NA,1,0,6,64,NA,NA
"2738",2738,2738,2738,"Spain",2006,593,150,39,0,2,1,0,2,2,2,1,2,1,2,1,2,1,2,1,1,0,2,2,3,3,3,1,3,2,1,2,2,2,1,2,2,0,1,0,0,0,0,3,10,8,4,70,12,0,0,1,0,1,NA,NA,NA,NA,NA,NA,NA,NA,NA,NA,NA,NA,NA,NA,NA,NA,NA,NA,NA,NA,NA,NA,NA,NA,NA,NA,NA,NA,NA,NA,NA,NA,NA,2,1,2,NA,2,9,70,NA,NA
"2755",2755,2755,2755,"Sri Lanka",2006,596,142,62,0,0,2,0,1,1,1,1,2,1,1,1,1,1,0,1,0,0,2,1,1,2,1,0,2,2,2,1,2,2,1,1,2,0,0,1,0,0,23,2,5,5,3,40,11,1,1,1,0,1,2,NA,NA,NA,NA,NA,NA,NA,NA,NA,NA,NA,NA,NA,NA,NA,NA,NA,NA,NA,NA,NA,NA,NA,NA,NA,NA,NA,NA,NA,NA,NA,NA,NA,NA,1,NA,0,3,40,NA,NA
"2772",2772,2772,2772,"Sudan",2006,599,2,15,1,0,0,0,0,0,1,0,0,0,0,0,1,0,0,1,0,0,0,0,2,0,0,0,0,1,0,1,2,2,1,1,1,0,0,0,1,0,31,1,2,1,0,10,8,1,1,0,1,1,2,NA,NA,NA,NA,NA,NA,NA,NA,NA,NA,NA,NA,NA,NA,NA,NA,NA,NA,NA,NA,NA,NA,NA,NA,NA,NA,NA,NA,NA,NA,NA,NA,1,NA,NA,NA,0,2,10,NA,NA
"2789",2789,2789,2789,"Suriname",2006,602,419,5,2,1,2,1,2,2,2,1,1,2,2,2,0,1,0,0,0,0,1,1,2,NA,2,1,NA,2,2,1,2,1,0,1,1,1,0,0,0,0,0,6,5,12,5,NA,9,0,0,0,0,0,NA,NA,NA,NA,NA,NA,NA,NA,NA,NA,NA,NA,NA,NA,NA,NA,NA,NA,NA,NA,NA,NA,NA,NA,NA,NA,NA,NA,NA,NA,NA,NA,NA,1,NA,NA,NA,2,5,NA,NA,NA
"2806",2806,2806,2806,"Swaziland",2006,605,2,18,2,1,2,1,0,1,2,1,0,2,0,1,0,1,0,0,0,0,1,1,2,0,1,0,1,1,1,1,2,1,1,1,2,0,0,0,1,0,1,6,2,9,3,40,8,0,0,0,0,0,NA,NA,NA,NA,NA,NA,NA,NA,NA,NA,NA,NA,NA,NA,NA,NA,NA,NA,NA,NA,NA,NA,NA,NA,NA,NA,NA,NA,NA,NA,NA,NA,NA,1,NA,NA,NA,2,4,40,NA,NA
"2823",2823,2823,2823,"Sweden",2006,608,150,154,2,2,2,1,2,2,2,1,2,2,2,2,2,2,1,2,2,1,2,3,3,NA,3,3,NA,2,2,2,2,1,2,2,2,0,1,0,0,0,0,7,13,15,5,NA,13,0,0,0,0,0,NA,NA,NA,NA,NA,NA,NA,NA,NA,NA,NA,NA,NA,NA,NA,NA,NA,NA,NA,NA,NA,NA,NA,NA,NA,NA,NA,NA,NA,NA,NA,NA,NA,2,2,NA,2,2,8,NA,NA,NA
"2840",2840,2840,2840,"Switzerland",2006,611,150,155,2,2,2,1,2,2,2,1,2,1,2,2,2,1,1,1,2,1,2,1,2,NA,3,3,NA,2,2,2,2,1,1,2,2,0,1,0,0,0,0,7,11,14,4,NA,12,0,0,0,0,0,NA,NA,NA,NA,NA,NA,NA,NA,NA,NA,NA,NA,NA,NA,NA,NA,NA,NA,NA,NA,NA,NA,NA,NA,NA,NA,NA,NA,NA,NA,NA,NA,NA,1,NA,NA,2,2,5,NA,NA,NA
"2857",2857,2857,2857,"Syria",2006,614,142,145,1,1,0,0,0,0,1,0,0,1,0,0,1,1,0,1,1,0,0,1,1,NA,0,0,NA,1,1,1,0,1,1,2,1,0,0,1,0,0,18,2,4,3,1,NA,7,0,0,0,1,1,NA,NA,NA,NA,NA,NA,NA,NA,NA,NA,NA,NA,NA,NA,NA,NA,NA,NA,NA,NA,NA,NA,NA,NA,NA,NA,NA,NA,NA,NA,NA,NA,NA,NA,NA,NA,NA,2,1,NA,NA,NA
"2874",2874,2874,2874,"Taiwan",2006,617,142,30,2,2,2,2,2,2,2,1,2,2,1,1,1,2,2,1,1,0,1,1,2,NA,3,1,NA,1,1,1,2,2,1,2,1,0,0,1,0,0,0,8,9,14,5,NA,10,0,0,0,0,0,NA,NA,NA,NA,NA,NA,NA,NA,NA,NA,NA,NA,NA,NA,NA,NA,NA,NA,NA,NA,NA,NA,NA,NA,NA,NA,NA,NA,NA,NA,NA,NA,NA,1,NA,NA,NA,2,5,NA,NA,NA
"2891",2891,2891,2891,"Tajikistan",2006,620,142,62,2,1,1,0,1,1,1,1,1,1,1,1,1,1,1,1,0,0,0,1,2,NA,1,0,NA,2,2,2,1,1,1,1,2,0,0,1,0,0,8,4,6,7,3,NA,10,0,0,0,0,1,NA,NA,NA,NA,NA,NA,NA,NA,NA,NA,NA,NA,NA,NA,NA,NA,NA,NA,NA,NA,NA,NA,NA,NA,NA,NA,NA,NA,NA,NA,NA,NA,NA,1,NA,NA,NA,2,3,NA,NA,NA
"2908",2908,2908,2908,"Tanzania",2006,623,2,14,2,1,1,1,1,1,1,0,1,1,0,0,0,0,0,0,1,0,0,1,2,NA,1,1,NA,1,1,1,2,2,1,1,1,0,0,0,1,0,1,5,1,8,2,NA,9,0,0,0,0,0,NA,NA,NA,NA,NA,NA,NA,NA,NA,NA,NA,NA,NA,NA,NA,NA,NA,NA,NA,NA,NA,NA,NA,NA,NA,NA,NA,NA,NA,NA,NA,NA,NA,1,NA,NA,NA,2,3,NA,NA,NA
"2925",2925,2925,2925,"Thailand",2006,626,142,35,0,0,0,1,0,1,1,1,0,1,0,0,1,0,0,0,0,0,1,1,2,NA,0,0,NA,1,1,1,1,2,1,1,2,0,0,1,0,0,9,1,1,3,2,NA,8,1,1,1,1,0,2,NA,NA,NA,NA,NA,NA,NA,NA,NA,NA,NA,NA,NA,NA,NA,NA,NA,NA,NA,NA,NA,NA,NA,NA,NA,NA,NA,NA,NA,NA,NA,NA,1,NA,NA,NA,0,3,NA,NA,NA
"2942",2942,2942,2942,"Togo",2006,629,2,11,1,1,1,0,1,1,0,0,0,2,1,1,0,1,0,0,1,0,0,1,2,NA,3,1,NA,2,2,2,2,2,1,2,1,0,0,0,1,0,6,3,4,7,3,NA,13,0,0,0,0,1,NA,NA,NA,NA,NA,NA,NA,NA,NA,NA,NA,NA,NA,NA,NA,NA,NA,NA,NA,NA,NA,NA,NA,NA,NA,NA,NA,NA,NA,NA,NA,NA,NA,1,NA,NA,NA,2,2,NA,NA,NA
"2959",2959,2959,2959,"Tonga",2006,632,9,61,2,2,2,1,2,1,2,1,0,1,0,0,2,2,2,0,0,NA,2,0,1,2,1,2,2,1,1,2,2,0,0,0,NA,0,0,0,0,1,0,7,6,13,4,NA,6,0,0,0,0,0,NA,NA,NA,NA,NA,NA,NA,NA,NA,NA,NA,NA,NA,NA,NA,NA,NA,NA,NA,NA,NA,NA,NA,NA,NA,NA,NA,NA,NA,NA,NA,NA,NA,NA,NA,1,1,2,4,NA,NA,NA
"2976",2976,2976,2976,"Trinidad and Tobago",2006,635,419,29,2,1,2,1,2,2,2,2,2,2,1,1,1,2,1,0,1,2,1,1,2,3,3,2,3,1,1,2,0,1,1,2,0,1,0,0,0,0,0,6,7,14,6,74,8,0,0,0,0,0,NA,NA,NA,NA,NA,NA,NA,NA,NA,NA,NA,NA,NA,NA,NA,NA,NA,NA,NA,NA,NA,NA,NA,NA,NA,NA,NA,NA,NA,NA,NA,NA,NA,1,NA,2,1,2,7,74,NA,NA
"2993",2993,2993,2993,"Tunisia",2006,638,2,15,2,1,0,0,1,0,2,0,1,0,1,2,2,2,1,1,2,1,0,1,2,3,0,0,3,2,1,2,2,1,2,2,1,0,0,0,1,0,1,3,11,4,1,50,12,0,0,0,1,1,NA,NA,NA,NA,NA,NA,NA,NA,NA,NA,NA,NA,NA,NA,NA,NA,NA,NA,NA,NA,NA,NA,NA,NA,NA,NA,NA,NA,NA,NA,NA,NA,NA,1,NA,2,NA,2,5,50,NA,NA
"3010",3010,3010,3010,"Turkey",2006,641,142,145,2,1,0,0,1,1,2,0,1,1,1,1,1,1,0,1,1,0,1,1,1,1,0,1,3,1,1,2,2,2,1,2,2,0,0,1,0,0,16,3,6,6,2,44,11,0,0,0,1,1,NA,NA,NA,NA,NA,NA,NA,NA,NA,NA,NA,NA,NA,NA,NA,NA,NA,NA,NA,NA,NA,NA,NA,NA,NA,NA,NA,NA,NA,NA,NA,NA,NA,NA,NA,NA,NA,2,3,44,NA,NA
"3027",3027,3027,3027,"Turkmenistan",2006,644,142,62,2,1,0,0,0,1,0,0,1,0,0,0,1,1,1,1,0,1,0,1,2,1,0,0,3,1,0,2,2,2,1,0,0,0,0,1,0,0,0,3,4,3,0,30,8,0,0,0,1,1,NA,NA,NA,NA,NA,NA,NA,NA,NA,NA,NA,NA,NA,NA,NA,NA,NA,NA,NA,NA,NA,NA,NA,NA,NA,NA,NA,NA,NA,NA,NA,NA,NA,1,NA,NA,NA,2,2,30,NA,NA
"3044",3044,3044,3044,"Tuvalu",2006,647,9,61,2,2,2,2,2,2,2,1,2,1,1,2,2,2,1,2,1,NA,2,1,0,1,2,2,1,2,2,2,2,2,2,1,NA,0,0,0,0,1,0,8,11,14,4,NA,13,0,0,0,0,0,NA,NA,NA,NA,NA,NA,NA,NA,NA,NA,NA,NA,NA,NA,NA,NA,NA,NA,NA,NA,NA,NA,NA,NA,NA,NA,NA,NA,NA,NA,NA,NA,NA,NA,NA,NA,1,2,4,NA,NA,NA
"3061",3061,3061,3061,"Uganda",2006,650,2,14,1,0,0,0,1,1,2,1,1,2,0,0,1,0,0,0,0,0,1,1,2,0,2,0,0,1,1,1,2,1,1,2,0,0,0,0,1,0,13,1,1,5,4,28,9,1,1,0,1,1,2,NA,NA,NA,NA,NA,NA,NA,NA,NA,NA,NA,NA,NA,NA,NA,NA,NA,NA,NA,NA,NA,NA,NA,NA,NA,NA,NA,NA,NA,NA,NA,NA,1,NA,NA,NA,0,4,28,NA,NA
"3078",3078,3078,3078,"Ukraine",2006,653,150,151,2,2,2,0,1,2,2,1,1,1,1,1,1,1,1,0,0,0,0,1,2,2,1,0,2,2,1,2,2,2,1,2,2,0,1,0,0,0,2,6,5,9,3,50,12,0,0,0,0,1,NA,NA,NA,NA,NA,NA,NA,NA,NA,NA,NA,NA,NA,NA,NA,NA,NA,NA,NA,NA,NA,NA,NA,NA,NA,NA,NA,NA,NA,NA,NA,NA,NA,1,NA,1,NA,2,6,50,NA,NA
"3095",3095,3095,3095,"United Arab Emirates",2006,656,142,145,2,2,1,2,1,0,0,0,0,0,0,0,0,0,2,0,1,0,1,1,1,0,0,0,0,0,0,1,2,2,0,1,0,0,0,1,0,0,0,7,3,8,1,32,6,0,0,0,0,0,NA,NA,NA,NA,NA,NA,NA,NA,NA,NA,NA,NA,NA,NA,NA,NA,NA,NA,NA,NA,NA,NA,NA,NA,NA,NA,NA,NA,NA,NA,NA,NA,NA,NA,NA,NA,NA,2,0,32,NA,NA
"3112",3112,3112,3112,"United Kingdom",2006,659,150,154,2,2,2,1,2,2,2,2,2,2,2,1,1,1,1,1,2,1,2,2,2,2,3,2,3,2,1,1,2,1,1,2,2,0,1,0,0,0,0,7,9,15,6,78,10,0,0,0,0,0,NA,NA,NA,NA,NA,NA,NA,NA,NA,NA,NA,NA,NA,NA,NA,NA,NA,NA,NA,NA,NA,NA,NA,NA,NA,NA,NA,NA,NA,NA,NA,NA,NA,1,1,1,1,2,7,78,NA,NA
"3129",3129,3129,3129,"United States",2006,662,21,21,2,1,1,0,NA,NA,NA,NA,NA,NA,NA,NA,NA,NA,NA,NA,NA,NA,NA,NA,NA,NA,NA,NA,NA,NA,NA,NA,NA,NA,NA,NA,NA,1,0,0,0,0,3,4,NA,NA,NA,NA,NA,0,0,0,0,1,NA,NA,NA,NA,NA,NA,NA,NA,NA,NA,NA,NA,NA,NA,NA,NA,NA,NA,NA,NA,NA,NA,NA,NA,NA,NA,NA,NA,NA,NA,NA,NA,NA,NA,NA,NA,NA,2,0,NA,NA,NA
"3146",3146,3146,3146,"Uruguay",2006,665,419,5,2,2,2,2,2,2,2,2,2,2,2,1,1,1,1,1,1,1,2,1,2,2,3,1,2,2,2,1,2,2,1,2,0,1,0,0,0,0,0,8,8,15,6,78,12,0,0,0,0,0,NA,NA,NA,NA,NA,NA,NA,NA,NA,NA,NA,NA,NA,NA,NA,NA,NA,NA,NA,NA,NA,NA,NA,NA,NA,NA,NA,NA,NA,NA,NA,NA,NA,1,NA,1,NA,2,6,78,NA,NA
"3163",3163,3163,3163,"Uzbekistan",2006,668,142,62,1,2,0,0,0,1,0,0,0,0,0,0,1,1,1,1,0,0,0,1,2,1,0,0,1,2,0,2,2,2,1,2,2,0,0,1,0,0,3,3,4,3,0,26,11,0,0,0,1,1,NA,NA,NA,NA,NA,NA,NA,NA,NA,NA,NA,NA,NA,NA,NA,NA,NA,NA,NA,NA,NA,NA,NA,NA,NA,NA,NA,NA,NA,NA,NA,NA,NA,1,NA,NA,NA,2,2,26,NA,NA
"3180",3180,3180,3180,"Vanuatu",2006,671,9,54,2,2,2,2,1,2,2,2,2,2,1,1,1,2,0,0,1,NA,2,1,1,0,3,2,3,1,1,1,2,1,0,1,NA,0,0,0,0,1,0,8,6,15,5,NA,7,0,0,0,0,0,NA,NA,NA,NA,NA,NA,NA,NA,NA,NA,NA,NA,NA,NA,NA,NA,NA,NA,NA,NA,NA,NA,NA,NA,NA,NA,NA,NA,NA,NA,NA,NA,NA,NA,NA,NA,1,2,4,NA,NA,NA
"3197",3197,3197,3197,"Venezuela",2006,674,419,5,1,0,1,0,1,0,2,1,2,2,0,0,1,2,0,1,0,0,0,1,2,1,0,1,1,1,1,1,2,1,1,2,1,1,0,0,0,0,30,2,4,7,4,36,9,1,1,0,0,1,1,NA,NA,NA,NA,NA,NA,NA,NA,NA,NA,NA,NA,NA,NA,NA,NA,NA,NA,NA,NA,NA,NA,NA,NA,NA,NA,NA,NA,NA,NA,NA,NA,1,NA,NA,NA,0,3,36,NA,NA
"3214",3214,3214,3214,"Vietnam",2006,677,142,35,2,1,0,1,0,1,0,0,0,0,0,0,0,0,0,1,1,0,0,2,2,1,0,0,3,0,1,1,2,1,1,2,1,0,0,1,0,0,6,4,2,4,0,24,8,0,0,0,1,0,NA,NA,NA,NA,NA,NA,NA,NA,NA,NA,NA,NA,NA,NA,NA,NA,NA,NA,NA,NA,NA,NA,NA,NA,NA,NA,NA,NA,NA,NA,NA,NA,NA,1,1,NA,NA,2,3,24,NA,NA
"3231",3231,3231,3231,"Yemen",2006,680,142,145,2,1,0,0,1,0,1,0,1,0,0,0,1,2,0,0,1,0,0,1,1,2,0,1,3,1,1,2,2,1,0,2,2,0,0,1,0,0,15,3,4,5,1,32,9,0,0,0,1,1,NA,NA,NA,NA,NA,NA,NA,NA,NA,NA,NA,NA,NA,NA,NA,NA,NA,NA,NA,NA,NA,NA,NA,NA,NA,NA,NA,NA,NA,NA,NA,NA,NA,NA,NA,1,NA,2,2,32,NA,NA
"3248",3248,3248,3248,"Zambia",2006,695,2,14,2,1,1,0,1,2,1,1,2,2,1,1,2,1,1,1,1,0,1,1,2,NA,2,1,NA,1,1,2,1,2,1,2,1,0,0,0,1,0,1,4,8,9,4,NA,10,0,0,0,0,1,NA,NA,NA,NA,NA,NA,NA,NA,NA,NA,NA,NA,NA,NA,NA,NA,NA,NA,NA,NA,NA,NA,NA,NA,NA,NA,NA,NA,NA,NA,NA,NA,NA,1,NA,NA,NA,2,4,NA,NA,NA
"3265",3265,3265,3265,"Zimbabwe",2006,698,2,14,1,1,0,0,0,1,0,0,0,1,0,0,0,1,0,0,0,0,0,1,2,2,0,0,3,1,1,1,2,1,1,1,0,0,0,0,1,0,9,2,1,3,1,20,8,0,0,0,1,1,NA,NA,NA,NA,NA,NA,NA,NA,NA,NA,NA,NA,NA,NA,NA,NA,NA,NA,NA,NA,NA,NA,NA,NA,NA,NA,NA,NA,NA,NA,NA,NA,NA,1,NA,1,NA,2,3,20,NA,NA
