"","X.2","X.1","X","country","year","ciri","unreg","unsubreg","disap","kill","polpris","tort","assn","formov","dommov","speech","elecsd","rel_free","union_p","barg_p","hour_p","force_p","child_p","wage_p","safe_p","trafficking_p","injud","wecon","wopol","wosoc_p","ngo_freedom","trial_p","wosoc_l","union_l","barg_l","hour_l","force_l","child_l","wage_l","safe_l","trafficking_l","americas","europe","asia_middle_east","africa","oceania","atrocity_years","physint_sum","workerrights_practices_sum","repression_sum","civpol_sum","human_rights_score","workerrights_laws_sum","bbatrocity","zero_kill","zero_disap","zero_polpris","zero_tort","bbatrocity_intensity","avg_kill3","avg_disap3","avg_polpris3","avg_tort3","avg_bbatrocity_intensity3","avg_speech3","avg_rel_free3","avg_dommov3","avg_formov3","avg_assn3","avg_wopol3","avg_wosoc_l3","avg_wosoc_p3","avg_wecon3","avg_union_l3","avg_union_p3","avg_barg_l3","avg_barg_p3","avg_force_l3","avg_force_p3","avg_child_l3","avg_child_p3","avg_wage_l3","avg_wage_p3","avg_safe_l3","avg_safe_p3","avg_hour_l3","avg_hour_p3","avg_trafficking_l3","avg_trafficking_p3","avg_trial_p3","avg_injud3","wopol_two","wecon_two","wosoc_two","trial_two","atrocity_hrscore","emp_rights_sum","hrscorex2","avg_ngo3","avg_elecsd3"
"1",1,1,1,"Afghanistan",2005,101,142,62,2,1,1,0,1,0,0,0,1,0,0,0,0,1,0,0,0,0,0,0,2,0,0,0,1,2,0,1,2,1,0,0,0,0,0,1,0,0,28,4,1,5,1,20,6,0,0,0,0,1,NA,NA,NA,NA,NA,NA,NA,NA,NA,NA,NA,NA,NA,NA,NA,NA,NA,NA,NA,NA,NA,NA,NA,NA,NA,NA,NA,NA,NA,NA,NA,NA,NA,1,NA,NA,NA,2,1,20,NA,NA
"18",18,18,18,"Albania",2005,104,150,39,2,2,2,1,2,2,2,1,1,1,1,1,1,0,0,1,0,0,1,1,2,1,2,0,1,2,1,2,2,2,1,1,2,0,1,0,0,0,4,7,4,11,4,54,11,0,0,0,0,0,NA,NA,NA,NA,NA,NA,NA,NA,NA,NA,NA,NA,NA,NA,NA,NA,NA,NA,NA,NA,NA,NA,NA,NA,NA,NA,NA,NA,NA,NA,NA,NA,NA,1,NA,NA,NA,2,5,54,NA,NA
"35",35,35,35,"Algeria",2005,107,2,15,2,1,1,1,0,1,1,0,1,0,1,1,2,2,1,1,1,0,0,1,2,NA,1,0,NA,1,1,2,2,2,1,2,1,0,0,0,1,0,10,5,9,5,0,NA,11,0,0,0,0,0,NA,NA,NA,NA,NA,NA,NA,NA,NA,NA,NA,NA,NA,NA,NA,NA,NA,NA,NA,NA,NA,NA,NA,NA,NA,NA,NA,NA,NA,NA,NA,NA,NA,1,NA,NA,NA,2,3,NA,NA,NA
"52",52,52,52,"Andorra",2005,110,150,39,2,2,2,2,2,2,2,2,2,2,1,0,0,2,2,1,1,NA,1,1,2,2,3,2,3,1,0,0,0,2,1,1,NA,0,1,0,0,0,0,8,7,16,6,NA,5,0,0,0,0,0,NA,NA,NA,NA,NA,NA,NA,NA,NA,NA,NA,NA,NA,NA,NA,NA,NA,NA,NA,NA,NA,NA,NA,NA,NA,NA,NA,NA,NA,NA,NA,NA,NA,1,NA,1,1,2,6,NA,NA,NA
"69",69,69,69,"Angola",2005,113,2,17,1,1,1,0,1,1,0,1,1,1,0,0,1,1,0,1,0,1,0,1,2,1,1,0,2,2,1,2,1,2,1,2,0,0,0,0,1,0,18,3,3,6,3,36,11,0,0,0,0,1,NA,NA,NA,NA,NA,NA,NA,NA,NA,NA,NA,NA,NA,NA,NA,NA,NA,NA,NA,NA,NA,NA,NA,NA,NA,NA,NA,NA,NA,NA,NA,NA,NA,1,NA,NA,NA,2,2,36,NA,NA
"86",86,86,86,"Antigua and Barbuda",2005,116,419,29,2,2,2,1,2,2,2,1,2,2,2,1,1,2,1,2,0,NA,2,1,2,2,3,3,3,2,1,1,2,1,2,0,NA,1,0,0,0,0,0,7,9,15,5,NA,9,0,0,0,0,0,NA,NA,NA,NA,NA,NA,NA,NA,NA,NA,NA,NA,NA,NA,NA,NA,NA,NA,NA,NA,NA,NA,NA,NA,NA,NA,NA,NA,NA,NA,NA,NA,NA,1,NA,1,2,2,6,NA,NA,NA
"103",103,103,103,"Argentina",2005,119,419,5,2,1,2,1,2,2,2,2,2,2,1,1,1,0,0,1,1,1,1,2,3,3,2,0,3,1,1,1,2,2,1,1,1,1,0,0,0,0,7,6,5,12,6,66,9,0,0,0,0,0,NA,NA,NA,NA,NA,NA,NA,NA,NA,NA,NA,NA,NA,NA,NA,NA,NA,NA,NA,NA,NA,NA,NA,NA,NA,NA,NA,NA,NA,NA,NA,NA,NA,2,1,2,NA,2,9,66,NA,NA
"120",120,120,120,"Armenia",2005,122,142,145,2,2,1,0,1,1,2,1,1,1,1,0,1,0,1,0,1,1,0,1,1,2,2,0,2,2,2,2,2,2,1,1,2,0,0,1,0,0,1,5,4,8,3,46,12,0,0,0,0,1,NA,NA,NA,NA,NA,NA,NA,NA,NA,NA,NA,NA,NA,NA,NA,NA,NA,NA,NA,NA,NA,NA,NA,NA,NA,NA,NA,NA,NA,NA,NA,NA,NA,NA,NA,1,NA,2,4,46,NA,NA
"137",137,137,137,"Australia",2005,125,9,53,2,2,2,1,2,2,2,2,2,2,2,1,2,1,2,2,2,0,2,3,2,2,3,3,3,2,1,2,0,2,2,2,2,0,0,0,0,1,0,7,12,16,6,86,11,0,0,0,0,0,NA,NA,NA,NA,NA,NA,NA,NA,NA,NA,NA,NA,NA,NA,NA,NA,NA,NA,NA,NA,NA,NA,NA,NA,NA,NA,NA,NA,NA,NA,NA,NA,NA,1,2,1,2,2,8,86,NA,NA
"154",154,154,154,"Austria",2005,128,150,155,2,2,2,1,1,2,2,1,2,1,2,2,1,1,2,2,2,0,2,2,3,2,2,2,3,2,1,1,2,2,2,2,2,0,1,0,0,0,0,7,12,12,3,76,12,0,0,0,0,0,NA,NA,NA,NA,NA,NA,NA,NA,NA,NA,NA,NA,NA,NA,NA,NA,NA,NA,NA,NA,NA,NA,NA,NA,NA,NA,NA,NA,NA,NA,NA,NA,NA,2,1,1,1,2,8,76,NA,NA
"171",171,171,171,"Azerbaijan",2005,131,142,145,1,1,0,0,1,1,2,0,1,0,1,1,1,0,1,0,0,1,0,1,2,2,0,0,3,1,1,2,0,2,1,2,1,0,0,1,0,0,0,2,4,3,1,34,9,0,0,0,1,1,NA,NA,NA,NA,NA,NA,NA,NA,NA,NA,NA,NA,NA,NA,NA,NA,NA,NA,NA,NA,NA,NA,NA,NA,NA,NA,NA,NA,NA,NA,NA,NA,NA,1,NA,1,NA,2,5,34,NA,NA
"188",188,188,188,"Bahamas",2005,134,419,29,2,2,2,1,2,2,2,1,2,2,2,2,2,1,0,0,1,NA,2,2,2,2,3,2,NA,2,2,2,2,1,1,1,NA,1,0,0,0,0,0,7,8,14,5,NA,11,0,0,0,0,0,NA,NA,NA,NA,NA,NA,NA,NA,NA,NA,NA,NA,NA,NA,NA,NA,NA,NA,NA,NA,NA,NA,NA,NA,NA,NA,NA,NA,NA,NA,NA,NA,NA,1,1,1,1,2,7,NA,NA,NA
"205",205,205,205,"Bahrain",2005,137,142,145,2,2,1,1,0,1,2,0,0,0,1,1,1,0,2,0,2,0,0,1,1,1,1,1,1,1,1,1,1,2,1,2,1,0,0,1,0,0,3,6,7,7,0,46,9,0,0,0,0,0,NA,NA,NA,NA,NA,NA,NA,NA,NA,NA,NA,NA,NA,NA,NA,NA,NA,NA,NA,NA,NA,NA,NA,NA,NA,NA,NA,NA,NA,NA,NA,NA,NA,NA,NA,NA,NA,2,3,46,NA,NA
"222",222,222,222,"Bangladesh",2005,140,142,62,0,0,0,0,1,1,2,1,2,1,0,0,1,1,0,0,0,0,0,1,2,1,0,0,2,1,0,1,1,0,1,1,2,0,0,1,0,0,24,0,2,3,3,26,5,1,1,1,1,1,3,NA,NA,NA,NA,NA,NA,NA,NA,NA,NA,NA,NA,NA,NA,NA,NA,NA,NA,NA,NA,NA,NA,NA,NA,NA,NA,NA,NA,NA,NA,NA,NA,1,NA,NA,NA,0,4,26,NA,NA
"239",239,239,239,"Barbados",2005,143,419,29,2,2,2,1,2,2,2,2,2,2,1,2,2,2,2,2,2,NA,2,2,2,2,3,3,NA,2,2,2,2,2,2,2,NA,1,0,0,0,0,0,7,13,16,6,NA,14,0,0,0,0,0,NA,NA,NA,NA,NA,NA,NA,NA,NA,NA,NA,NA,NA,NA,NA,NA,NA,NA,NA,NA,NA,NA,NA,NA,NA,NA,NA,NA,NA,NA,NA,NA,NA,1,1,1,2,2,7,NA,NA,NA
"256",256,256,256,"Belarus",2005,146,150,151,2,1,1,1,0,1,0,0,0,0,0,0,2,0,2,1,0,0,0,1,2,2,0,0,3,2,2,2,2,2,1,1,2,0,1,0,0,0,0,5,5,5,0,32,12,0,0,0,0,0,NA,NA,NA,NA,NA,NA,NA,NA,NA,NA,NA,NA,NA,NA,NA,NA,NA,NA,NA,NA,NA,NA,NA,NA,NA,NA,NA,NA,NA,NA,NA,NA,NA,1,NA,1,NA,2,3,32,NA,NA
"273",273,273,273,"Belgium",2005,149,150,155,2,2,2,2,2,2,2,1,2,1,2,2,2,1,2,2,2,0,2,3,3,3,3,2,3,2,2,2,2,2,2,2,2,0,1,0,0,0,0,8,13,14,4,88,14,0,0,0,0,0,NA,NA,NA,NA,NA,NA,NA,NA,NA,NA,NA,NA,NA,NA,NA,NA,NA,NA,NA,NA,NA,NA,NA,NA,NA,NA,NA,NA,NA,NA,NA,NA,NA,2,2,2,1,2,10,88,NA,NA
"290",290,290,290,"Belize",2005,152,419,13,2,1,2,0,2,2,2,2,2,2,1,1,1,0,1,1,1,0,2,1,2,2,2,1,2,2,1,1,2,1,1,2,1,1,0,0,0,0,0,5,6,12,6,64,10,0,0,0,0,1,NA,NA,NA,NA,NA,NA,NA,NA,NA,NA,NA,NA,NA,NA,NA,NA,NA,NA,NA,NA,NA,NA,NA,NA,NA,NA,NA,NA,NA,NA,NA,NA,NA,1,NA,1,NA,2,6,64,NA,NA
"307",307,307,307,"Benin",2005,155,2,11,2,2,2,1,1,2,1,1,1,2,1,1,1,0,0,1,1,0,1,1,2,1,3,1,2,2,1,1,1,2,1,1,0,0,0,0,1,0,0,7,5,12,4,58,9,0,0,0,0,0,NA,NA,NA,NA,NA,NA,NA,NA,NA,NA,NA,NA,NA,NA,NA,NA,NA,NA,NA,NA,NA,NA,NA,NA,NA,NA,NA,NA,NA,NA,NA,NA,NA,1,NA,NA,NA,2,4,58,NA,NA
"324",324,324,324,"Bhutan",2005,158,142,62,2,2,0,2,0,1,1,1,0,0,0,0,1,2,1,2,0,2,2,2,2,3,0,1,3,1,0,1,2,1,2,1,0,0,0,1,0,0,0,6,6,8,1,52,8,0,0,0,1,0,NA,NA,NA,NA,NA,NA,NA,NA,NA,NA,NA,NA,NA,NA,NA,NA,NA,NA,NA,NA,NA,NA,NA,NA,NA,NA,NA,NA,NA,NA,NA,NA,NA,1,1,2,NA,2,6,52,NA,NA
"341",341,341,341,"Bolivia",2005,161,419,5,2,1,2,1,2,2,2,1,1,2,1,1,0,0,0,1,0,0,1,1,2,2,1,0,2,1,1,1,2,1,1,1,2,1,0,0,0,0,1,6,3,11,5,52,8,0,0,0,0,0,NA,NA,NA,NA,NA,NA,NA,NA,NA,NA,NA,NA,NA,NA,NA,NA,NA,NA,NA,NA,NA,NA,NA,NA,NA,NA,NA,NA,NA,NA,NA,NA,NA,1,NA,1,NA,2,6,52,NA,NA
"358",358,358,358,"Bosnia and Herz.",2005,164,150,39,2,2,2,1,2,1,2,1,1,0,1,1,1,0,1,1,0,0,1,1,2,3,2,1,3,2,1,1,2,2,1,2,2,0,1,0,0,0,0,7,5,11,3,56,11,0,0,0,0,0,NA,NA,NA,NA,NA,NA,NA,NA,NA,NA,NA,NA,NA,NA,NA,NA,NA,NA,NA,NA,NA,NA,NA,NA,NA,NA,NA,NA,NA,NA,NA,NA,NA,1,NA,2,NA,2,6,56,NA,NA
"375",375,375,375,"Botswana",2005,167,2,18,2,2,2,1,2,2,2,1,2,2,2,0,1,2,1,1,2,0,2,1,2,2,0,1,2,2,1,1,2,1,1,2,1,0,0,0,1,0,0,7,9,13,5,70,10,0,0,0,0,0,NA,NA,NA,NA,NA,NA,NA,NA,NA,NA,NA,NA,NA,NA,NA,NA,NA,NA,NA,NA,NA,NA,NA,NA,NA,NA,NA,NA,NA,NA,NA,NA,NA,1,NA,1,NA,2,6,70,NA,NA
"392",392,392,392,"Brazil",2005,170,419,5,2,0,2,0,2,2,2,1,2,2,1,1,1,0,0,0,0,2,1,2,2,3,0,1,3,1,1,1,2,2,1,2,0,1,0,0,0,0,30,4,3,10,5,52,10,1,1,0,0,1,1,NA,NA,NA,NA,NA,NA,NA,NA,NA,NA,NA,NA,NA,NA,NA,NA,NA,NA,NA,NA,NA,NA,NA,NA,NA,NA,NA,NA,NA,NA,NA,NA,1,1,2,NA,0,8,52,NA,NA
"409",409,409,409,"Brunei Darussalam",2005,173,142,35,2,2,2,2,0,1,2,0,0,0,0,0,1,1,2,0,1,0,0,1,1,1,1,2,1,1,0,1,1,2,0,2,2,0,0,1,0,0,0,8,5,10,0,46,7,0,0,0,0,0,NA,NA,NA,NA,NA,NA,NA,NA,NA,NA,NA,NA,NA,NA,NA,NA,NA,NA,NA,NA,NA,NA,NA,NA,NA,NA,NA,NA,NA,NA,NA,NA,NA,NA,NA,NA,1,2,3,46,NA,NA
"426",426,426,426,"Bulgaria",2005,176,150,151,2,1,2,1,1,2,2,1,2,1,1,1,1,2,1,1,0,0,1,2,2,3,2,1,3,2,2,2,2,2,1,2,2,0,1,0,0,0,1,6,7,10,3,62,13,0,0,0,0,0,NA,NA,NA,NA,NA,NA,NA,NA,NA,NA,NA,NA,NA,NA,NA,NA,NA,NA,NA,NA,NA,NA,NA,NA,NA,NA,NA,NA,NA,NA,NA,NA,NA,1,1,2,NA,2,8,62,NA,NA
"443",443,443,443,"Burkina Faso",2005,179,2,11,2,1,2,0,1,2,2,1,1,2,2,2,1,1,0,1,1,1,0,1,2,1,2,2,1,2,2,2,2,2,1,1,1,0,0,0,1,0,4,5,8,11,4,60,12,0,0,0,0,1,NA,NA,NA,NA,NA,NA,NA,NA,NA,NA,NA,NA,NA,NA,NA,NA,NA,NA,NA,NA,NA,NA,NA,NA,NA,NA,NA,NA,NA,NA,NA,NA,NA,1,NA,NA,1,2,5,60,NA,NA
"460",460,460,460,"Myanmar",2005,182,142,35,0,1,0,0,0,0,0,0,0,0,0,0,1,1,0,0,0,NA,0,1,0,1,0,0,1,0,0,1,1,1,1,1,NA,0,0,1,0,0,19,1,2,1,0,NA,5,0,0,1,1,1,NA,NA,NA,NA,NA,NA,NA,NA,NA,NA,NA,NA,NA,NA,NA,NA,NA,NA,NA,NA,NA,NA,NA,NA,NA,NA,NA,NA,NA,NA,NA,NA,NA,NA,NA,NA,NA,2,0,NA,NA,NA
"477",477,477,477,"Burundi",2005,185,2,14,2,1,0,0,1,1,0,0,2,2,1,1,1,1,0,1,1,0,0,1,3,0,1,0,3,2,1,2,1,2,1,1,1,0,0,0,1,0,23,3,6,6,3,42,10,0,0,0,1,1,NA,NA,NA,NA,NA,NA,NA,NA,NA,NA,NA,NA,NA,NA,NA,NA,NA,NA,NA,NA,NA,NA,NA,NA,NA,NA,NA,NA,NA,NA,NA,NA,NA,2,NA,NA,NA,2,3,42,NA,NA
"494",494,494,494,"Cambodia",2005,188,142,35,2,1,1,0,0,2,1,0,1,2,0,0,1,0,0,0,1,1,0,1,2,3,0,0,3,1,1,1,2,2,1,1,1,0,0,1,0,0,14,4,2,6,2,38,9,0,0,0,0,1,NA,NA,NA,NA,NA,NA,NA,NA,NA,NA,NA,NA,NA,NA,NA,NA,NA,NA,NA,NA,NA,NA,NA,NA,NA,NA,NA,NA,NA,NA,NA,NA,NA,1,NA,2,NA,2,6,38,NA,NA
"511",511,511,511,"Cameroon",2005,191,2,17,2,1,1,0,1,1,0,0,1,1,0,0,1,1,0,1,0,0,0,0,2,1,0,0,1,1,1,2,1,1,1,1,1,0,0,0,1,0,15,4,3,6,2,30,8,0,0,0,0,1,NA,NA,NA,NA,NA,NA,NA,NA,NA,NA,NA,NA,NA,NA,NA,NA,NA,NA,NA,NA,NA,NA,NA,NA,NA,NA,NA,NA,NA,NA,NA,NA,NA,1,NA,NA,NA,2,2,30,NA,NA
"528",528,528,528,"Canada",2005,194,21,21,2,1,2,1,2,2,2,1,2,1,2,2,1,1,2,1,2,0,2,2,3,3,3,3,3,2,2,1,2,2,1,2,2,1,0,0,0,0,0,6,11,13,4,80,12,0,0,0,0,0,NA,NA,NA,NA,NA,NA,NA,NA,NA,NA,NA,NA,NA,NA,NA,NA,NA,NA,NA,NA,NA,NA,NA,NA,NA,NA,NA,NA,NA,NA,NA,NA,NA,2,1,2,2,2,9,80,NA,NA
"545",545,545,545,"Cabo Verde",2005,197,2,11,2,2,2,1,2,2,2,1,2,2,2,2,1,2,1,0,1,NA,2,1,2,1,3,2,3,2,2,1,2,1,0,1,NA,0,0,0,1,0,0,7,9,14,5,NA,9,0,0,0,0,0,NA,NA,NA,NA,NA,NA,NA,NA,NA,NA,NA,NA,NA,NA,NA,NA,NA,NA,NA,NA,NA,NA,NA,NA,NA,NA,NA,NA,NA,NA,NA,NA,NA,1,NA,NA,1,2,5,NA,NA,NA
"562",562,562,562,"Central African Rep.",2005,200,2,17,2,0,1,0,1,1,0,0,1,1,1,1,1,0,0,1,0,0,0,0,2,0,1,0,1,2,1,1,1,2,1,1,0,0,0,0,1,0,15,3,4,5,2,26,9,1,1,0,0,1,1,NA,NA,NA,NA,NA,NA,NA,NA,NA,NA,NA,NA,NA,NA,NA,NA,NA,NA,NA,NA,NA,NA,NA,NA,NA,NA,NA,NA,NA,NA,NA,NA,1,NA,NA,NA,0,2,26,NA,NA
"579",579,579,579,"Chad",2005,203,2,17,0,0,1,1,1,1,1,0,0,1,1,1,0,0,0,1,0,0,0,0,2,NA,0,0,NA,2,1,2,1,2,1,2,2,0,0,0,1,0,15,2,3,4,2,NA,11,1,1,1,0,0,1,NA,NA,NA,NA,NA,NA,NA,NA,NA,NA,NA,NA,NA,NA,NA,NA,NA,NA,NA,NA,NA,NA,NA,NA,NA,NA,NA,NA,NA,NA,NA,NA,1,NA,NA,NA,0,3,NA,NA,NA
"596",596,596,596,"Chile",2005,206,419,5,2,2,2,1,2,2,2,1,2,1,2,1,1,1,1,1,2,0,2,2,2,2,3,2,3,2,1,1,2,2,1,2,0,1,0,0,0,0,2,7,9,13,4,72,11,0,0,0,0,0,NA,NA,NA,NA,NA,NA,NA,NA,NA,NA,NA,NA,NA,NA,NA,NA,NA,NA,NA,NA,NA,NA,NA,NA,NA,NA,NA,NA,NA,NA,NA,NA,NA,1,1,1,1,2,7,72,NA,NA
"613",613,613,613,"China",2005,209,142,30,0,0,0,0,0,1,0,0,0,0,0,0,1,1,1,1,0,0,0,1,2,1,0,0,3,0,1,1,2,2,1,2,2,0,0,1,0,0,29,0,4,0,0,16,9,1,1,1,1,1,3,NA,NA,NA,NA,NA,NA,NA,NA,NA,NA,NA,NA,NA,NA,NA,NA,NA,NA,NA,NA,NA,NA,NA,NA,NA,NA,NA,NA,NA,NA,NA,NA,1,NA,NA,NA,0,2,16,NA,NA
"630",630,630,630,"Colombia",2005,212,419,5,0,0,0,0,1,2,1,1,2,2,1,1,1,1,0,1,1,0,1,1,2,0,0,1,3,1,1,1,2,1,1,2,1,1,0,0,0,0,35,0,6,5,4,38,9,1,1,1,1,1,3,NA,NA,NA,NA,NA,NA,NA,NA,NA,NA,NA,NA,NA,NA,NA,NA,NA,NA,NA,NA,NA,NA,NA,NA,NA,NA,NA,NA,NA,NA,NA,NA,1,NA,NA,NA,0,4,38,NA,NA
"647",647,647,647,"Comoros",2005,215,2,14,2,2,2,2,2,2,1,1,2,1,1,1,1,0,1,0,0,NA,1,1,2,2,3,1,3,1,1,1,1,1,0,0,NA,0,0,0,1,0,0,8,4,13,4,NA,5,0,0,0,0,0,NA,NA,NA,NA,NA,NA,NA,NA,NA,NA,NA,NA,NA,NA,NA,NA,NA,NA,NA,NA,NA,NA,NA,NA,NA,NA,NA,NA,NA,NA,NA,NA,NA,1,NA,1,NA,2,5,NA,NA,NA
"664",664,664,664,"Dem. Rep. Congo",2005,218,2,17,2,0,0,0,0,0,0,0,0,1,1,0,0,0,0,0,0,1,1,0,2,0,0,0,0,2,1,1,1,2,0,1,0,0,0,0,1,0,24,2,1,3,1,14,8,1,1,0,1,1,2,NA,NA,NA,NA,NA,NA,NA,NA,NA,NA,NA,NA,NA,NA,NA,NA,NA,NA,NA,NA,NA,NA,NA,NA,NA,NA,NA,NA,NA,NA,NA,NA,1,NA,NA,NA,0,1,14,NA,NA
"681",681,681,681,"Congo",2005,221,2,17,2,1,1,0,2,1,1,1,1,2,1,1,1,1,1,1,0,0,1,1,2,1,1,1,1,2,1,2,1,2,1,1,1,0,0,0,1,0,6,4,6,10,5,52,10,0,0,0,0,1,NA,NA,NA,NA,NA,NA,NA,NA,NA,NA,NA,NA,NA,NA,NA,NA,NA,NA,NA,NA,NA,NA,NA,NA,NA,NA,NA,NA,NA,NA,NA,NA,NA,1,NA,NA,NA,2,3,52,NA,NA
"698",698,698,698,"Costa Rica",2005,224,419,13,2,2,2,1,2,2,2,1,2,2,1,1,1,2,0,1,0,1,2,3,3,3,3,2,3,2,1,1,2,2,1,2,0,1,0,0,0,0,0,7,6,14,5,76,11,0,0,0,0,0,NA,NA,NA,NA,NA,NA,NA,NA,NA,NA,NA,NA,NA,NA,NA,NA,NA,NA,NA,NA,NA,NA,NA,NA,NA,NA,NA,NA,NA,NA,NA,NA,NA,2,2,2,1,2,10,76,NA,NA
"715",715,715,715,"Cote d'Ivoire",2005,227,2,11,1,0,1,0,1,1,0,0,1,1,1,1,2,0,0,0,1,0,0,1,2,0,0,0,2,1,1,1,2,2,1,2,0,0,0,0,1,0,14,2,5,4,2,26,10,1,1,0,0,1,1,NA,NA,NA,NA,NA,NA,NA,NA,NA,NA,NA,NA,NA,NA,NA,NA,NA,NA,NA,NA,NA,NA,NA,NA,NA,NA,NA,NA,NA,NA,NA,NA,1,NA,NA,NA,0,2,26,NA,NA
"732",732,732,732,"Croatia",2005,230,150,39,2,2,2,1,1,2,2,1,1,1,2,1,1,1,1,1,0,0,1,1,2,3,3,1,3,2,1,1,2,2,1,2,2,0,1,0,0,0,2,7,7,11,3,64,11,0,0,0,0,0,NA,NA,NA,NA,NA,NA,NA,NA,NA,NA,NA,NA,NA,NA,NA,NA,NA,NA,NA,NA,NA,NA,NA,NA,NA,NA,NA,NA,NA,NA,NA,NA,NA,1,NA,2,NA,2,7,64,NA,NA
"749",749,749,749,"Cuba",2005,233,419,29,2,2,0,0,0,0,0,0,0,0,0,0,1,1,1,1,0,0,0,3,2,3,0,0,3,0,0,1,0,1,1,1,1,1,0,0,0,0,1,4,4,4,0,30,4,0,0,0,1,1,NA,NA,NA,NA,NA,NA,NA,NA,NA,NA,NA,NA,NA,NA,NA,NA,NA,NA,NA,NA,NA,NA,NA,NA,NA,NA,NA,NA,NA,NA,NA,NA,NA,1,2,2,NA,2,5,30,NA,NA
"766",766,766,766,"Cyprus",2005,236,142,145,2,2,2,1,2,2,2,2,2,2,2,1,1,0,2,1,1,0,2,2,2,3,3,3,3,2,1,2,2,2,1,1,2,0,0,1,0,0,0,7,8,16,6,78,11,0,0,0,0,0,NA,NA,NA,NA,NA,NA,NA,NA,NA,NA,NA,NA,NA,NA,NA,NA,NA,NA,NA,NA,NA,NA,NA,NA,NA,NA,NA,NA,NA,NA,NA,NA,NA,1,1,2,2,2,8,78,NA,NA
"783",783,783,783,"Czech Rep.",2005,239,150,151,2,2,2,1,1,2,2,1,2,1,1,2,2,2,2,2,2,2,1,1,2,2,3,1,3,2,1,1,2,2,2,2,2,0,1,0,0,0,0,7,13,11,3,80,12,0,0,0,0,0,NA,NA,NA,NA,NA,NA,NA,NA,NA,NA,NA,NA,NA,NA,NA,NA,NA,NA,NA,NA,NA,NA,NA,NA,NA,NA,NA,NA,NA,NA,NA,NA,NA,1,NA,1,NA,2,6,80,NA,NA
"800",800,800,800,"Denmark",2005,245,150,154,2,2,2,2,2,2,2,2,2,1,2,2,1,1,2,2,2,0,2,2,3,3,3,3,3,2,2,1,2,1,2,2,2,0,1,0,0,0,0,8,12,16,5,88,12,0,0,0,0,0,NA,NA,NA,NA,NA,NA,NA,NA,NA,NA,NA,NA,NA,NA,NA,NA,NA,NA,NA,NA,NA,NA,NA,NA,NA,NA,NA,NA,NA,NA,NA,NA,NA,2,1,2,2,2,9,88,NA,NA
"817",817,817,817,"Djibouti",2005,248,2,14,2,1,1,1,1,1,1,1,1,1,0,0,0,2,0,0,0,NA,0,1,2,0,1,0,1,1,1,1,2,2,0,1,NA,0,0,0,1,0,0,5,2,8,3,NA,8,0,0,0,0,0,NA,NA,NA,NA,NA,NA,NA,NA,NA,NA,NA,NA,NA,NA,NA,NA,NA,NA,NA,NA,NA,NA,NA,NA,NA,NA,NA,NA,NA,NA,NA,NA,NA,1,NA,NA,NA,2,3,NA,NA,NA
"834",834,834,834,"Dominica",2005,251,419,29,2,1,2,1,2,2,2,2,2,1,2,1,1,2,1,1,2,NA,2,1,2,2,3,3,2,2,2,1,2,1,1,2,NA,1,0,0,0,0,0,6,10,14,5,NA,11,0,0,0,0,0,NA,NA,NA,NA,NA,NA,NA,NA,NA,NA,NA,NA,NA,NA,NA,NA,NA,NA,NA,NA,NA,NA,NA,NA,NA,NA,NA,NA,NA,NA,NA,NA,NA,1,NA,1,2,2,6,NA,NA,NA
"851",851,851,851,"Dominican Rep.",2005,254,419,29,2,0,2,0,1,1,1,1,2,1,0,0,1,1,0,1,0,1,2,1,2,2,3,0,3,2,1,1,2,2,1,1,2,1,0,0,0,0,19,4,3,7,3,44,10,1,1,0,0,1,1,NA,NA,NA,NA,NA,NA,NA,NA,NA,NA,NA,NA,NA,NA,NA,NA,NA,NA,NA,NA,NA,NA,NA,NA,NA,NA,NA,NA,NA,NA,NA,NA,1,NA,1,NA,0,4,44,NA,NA
"868",868,868,868,"Timor-Leste",2005,257,142,35,2,1,1,1,1,2,2,1,2,2,1,1,2,1,1,0,1,NA,2,1,2,NA,2,0,NA,2,2,2,2,2,0,2,NA,0,0,1,0,0,0,5,7,9,4,NA,12,0,0,0,0,0,NA,NA,NA,NA,NA,NA,NA,NA,NA,NA,NA,NA,NA,NA,NA,NA,NA,NA,NA,NA,NA,NA,NA,NA,NA,NA,NA,NA,NA,NA,NA,NA,NA,1,NA,NA,NA,2,5,NA,NA,NA
"885",885,885,885,"Ecuador",2005,260,419,5,2,1,1,0,1,1,2,1,2,2,0,0,1,1,0,1,1,0,1,1,2,1,2,0,2,1,1,2,2,2,1,1,2,1,0,0,0,0,0,4,4,8,4,48,10,0,0,0,0,1,NA,NA,NA,NA,NA,NA,NA,NA,NA,NA,NA,NA,NA,NA,NA,NA,NA,NA,NA,NA,NA,NA,NA,NA,NA,NA,NA,NA,NA,NA,NA,NA,NA,1,NA,NA,NA,2,4,48,NA,NA
"902",902,902,902,"Egypt",2005,263,2,15,2,1,0,0,0,0,2,1,1,0,1,1,1,1,0,1,1,1,1,1,1,0,1,0,0,1,1,1,2,1,1,2,2,0,0,0,1,0,10,3,6,4,1,40,9,0,0,0,1,1,NA,NA,NA,NA,NA,NA,NA,NA,NA,NA,NA,NA,NA,NA,NA,NA,NA,NA,NA,NA,NA,NA,NA,NA,NA,NA,NA,NA,NA,NA,NA,NA,NA,NA,NA,NA,NA,2,2,40,NA,NA
"919",919,919,919,"El Salvador",2005,266,419,13,2,1,1,1,1,2,2,2,2,2,1,0,0,1,0,1,0,0,1,1,2,1,1,0,3,1,1,1,2,2,1,1,1,1,0,0,0,0,10,5,3,10,5,52,9,0,0,0,0,0,NA,NA,NA,NA,NA,NA,NA,NA,NA,NA,NA,NA,NA,NA,NA,NA,NA,NA,NA,NA,NA,NA,NA,NA,NA,NA,NA,NA,NA,NA,NA,NA,NA,1,NA,NA,NA,2,5,52,NA,NA
"936",936,936,936,"Eq. Guinea",2005,269,2,17,1,1,0,0,1,1,1,0,0,1,0,0,0,2,1,1,0,NA,0,1,2,1,0,0,1,1,2,2,2,1,1,1,NA,0,0,0,1,0,0,2,4,4,2,NA,10,0,0,0,1,1,NA,NA,NA,NA,NA,NA,NA,NA,NA,NA,NA,NA,NA,NA,NA,NA,NA,NA,NA,NA,NA,NA,NA,NA,NA,NA,NA,NA,NA,NA,NA,NA,NA,1,NA,NA,NA,2,3,NA,NA,NA
"953",953,953,953,"Eritrea",2005,272,2,14,2,0,0,0,0,0,1,0,0,0,1,1,1,1,1,0,1,2,0,1,2,1,0,0,2,1,2,1,2,2,1,2,2,0,0,0,1,0,9,2,6,2,0,28,11,1,1,0,1,1,2,NA,NA,NA,NA,NA,NA,NA,NA,NA,NA,NA,NA,NA,NA,NA,NA,NA,NA,NA,NA,NA,NA,NA,NA,NA,NA,NA,NA,NA,NA,NA,NA,1,NA,NA,NA,0,2,28,NA,NA
"970",970,970,970,"Estonia",2005,275,150,154,2,2,2,1,2,2,2,2,2,2,1,2,2,1,1,1,2,0,2,2,2,3,2,2,3,2,2,2,2,1,1,2,1,0,1,0,0,0,0,7,10,15,6,78,12,0,0,0,0,0,NA,NA,NA,NA,NA,NA,NA,NA,NA,NA,NA,NA,NA,NA,NA,NA,NA,NA,NA,NA,NA,NA,NA,NA,NA,NA,NA,NA,NA,NA,NA,NA,NA,1,1,2,1,2,8,78,NA,NA
"987",987,987,987,"Ethiopia",2005,278,2,14,0,0,0,0,1,1,1,0,1,1,0,0,1,0,0,0,0,0,1,1,2,0,0,0,2,1,1,1,2,2,1,1,2,0,0,0,1,0,22,0,1,2,2,18,9,1,1,1,1,1,3,NA,NA,NA,NA,NA,NA,NA,NA,NA,NA,NA,NA,NA,NA,NA,NA,NA,NA,NA,NA,NA,NA,NA,NA,NA,NA,NA,NA,NA,NA,NA,NA,1,NA,NA,NA,0,3,18,NA,NA
"1004",1004,1004,1004,"Fiji",2005,281,9,54,2,2,2,1,1,2,2,2,2,2,1,1,0,1,1,1,0,1,2,2,2,1,2,1,1,1,1,0,2,1,1,2,2,0,0,0,0,1,0,7,5,13,5,66,8,0,0,0,0,0,NA,NA,NA,NA,NA,NA,NA,NA,NA,NA,NA,NA,NA,NA,NA,NA,NA,NA,NA,NA,NA,NA,NA,NA,NA,NA,NA,NA,NA,NA,NA,NA,NA,1,1,NA,NA,2,6,66,NA,NA
"1021",1021,1021,1021,"Finland",2005,284,150,154,2,2,1,2,2,2,2,2,2,2,2,1,2,2,2,2,2,0,2,2,3,3,3,3,3,2,1,2,2,2,2,2,2,0,1,0,0,0,0,7,13,16,6,90,13,0,0,0,0,0,NA,NA,NA,NA,NA,NA,NA,NA,NA,NA,NA,NA,NA,NA,NA,NA,NA,NA,NA,NA,NA,NA,NA,NA,NA,NA,NA,NA,NA,NA,NA,NA,NA,2,1,2,2,2,9,90,NA,NA
"1038",1038,1038,1038,"France",2005,287,150,155,2,2,2,1,2,2,2,1,2,1,2,2,2,1,2,2,2,0,2,2,2,2,3,2,3,2,2,2,2,2,2,2,2,0,1,0,0,0,0,7,13,13,4,80,14,0,0,0,0,0,NA,NA,NA,NA,NA,NA,NA,NA,NA,NA,NA,NA,NA,NA,NA,NA,NA,NA,NA,NA,NA,NA,NA,NA,NA,NA,NA,NA,NA,NA,NA,NA,NA,1,1,1,1,2,7,80,NA,NA
"1055",1055,1055,1055,"Gabon",2005,290,2,17,2,1,1,1,1,0,0,1,1,1,2,1,2,1,0,1,1,1,1,1,2,0,2,1,2,2,1,2,2,2,1,2,1,0,0,0,1,0,0,5,8,9,3,50,12,0,0,0,0,0,NA,NA,NA,NA,NA,NA,NA,NA,NA,NA,NA,NA,NA,NA,NA,NA,NA,NA,NA,NA,NA,NA,NA,NA,NA,NA,NA,NA,NA,NA,NA,NA,NA,1,NA,NA,NA,2,1,50,NA,NA
"1072",1072,1072,1072,"Gambia",2005,293,2,11,2,2,1,1,1,1,2,0,1,2,1,1,1,1,0,1,0,0,1,1,2,0,2,1,0,1,1,1,2,2,1,2,1,0,0,0,1,0,0,6,5,10,3,50,10,0,0,0,0,0,NA,NA,NA,NA,NA,NA,NA,NA,NA,NA,NA,NA,NA,NA,NA,NA,NA,NA,NA,NA,NA,NA,NA,NA,NA,NA,NA,NA,NA,NA,NA,NA,NA,1,NA,NA,NA,2,4,50,NA,NA
"1089",1089,1089,1089,"Georgia",2005,296,142,145,2,2,2,0,1,1,1,1,1,0,1,1,1,1,1,1,0,0,0,1,2,0,1,0,1,2,1,1,1,2,1,1,2,0,0,1,0,0,4,6,6,8,2,44,9,0,0,0,0,1,NA,NA,NA,NA,NA,NA,NA,NA,NA,NA,NA,NA,NA,NA,NA,NA,NA,NA,NA,NA,NA,NA,NA,NA,NA,NA,NA,NA,NA,NA,NA,NA,NA,1,NA,NA,NA,2,3,44,NA,NA
"1106",1106,1106,1106,"Germany",2005,299,150,155,2,2,2,2,1,2,2,1,2,1,2,2,1,0,2,2,2,0,2,2,3,3,3,2,3,2,1,1,2,2,2,2,2,0,1,0,0,0,0,8,11,13,3,80,12,0,0,0,0,0,NA,NA,NA,NA,NA,NA,NA,NA,NA,NA,NA,NA,NA,NA,NA,NA,NA,NA,NA,NA,NA,NA,NA,NA,NA,NA,NA,NA,NA,NA,NA,NA,NA,2,1,2,1,2,9,80,NA,NA
"1123",1123,1123,1123,"Ghana",2005,302,2,11,2,1,2,1,1,2,1,1,1,1,2,1,1,0,0,0,1,1,1,1,2,1,3,1,2,2,1,2,2,2,1,2,1,0,0,0,1,0,1,6,5,10,3,56,12,0,0,0,0,0,NA,NA,NA,NA,NA,NA,NA,NA,NA,NA,NA,NA,NA,NA,NA,NA,NA,NA,NA,NA,NA,NA,NA,NA,NA,NA,NA,NA,NA,NA,NA,NA,NA,1,NA,NA,NA,2,4,56,NA,NA
"1140",1140,1140,1140,"Greece",2005,305,150,39,2,2,1,1,1,1,2,1,2,0,2,1,1,1,0,2,1,0,1,2,2,2,2,0,2,2,1,2,2,1,2,1,2,0,1,0,0,0,0,6,8,8,2,56,11,0,0,0,0,0,NA,NA,NA,NA,NA,NA,NA,NA,NA,NA,NA,NA,NA,NA,NA,NA,NA,NA,NA,NA,NA,NA,NA,NA,NA,NA,NA,NA,NA,NA,NA,NA,NA,1,1,1,NA,2,6,56,NA,NA
"1157",1157,1157,1157,"Grenada",2005,308,419,29,2,2,1,1,2,2,2,2,2,2,2,2,2,2,2,1,1,NA,2,2,3,3,3,3,3,2,2,2,2,2,1,2,NA,1,0,0,0,0,0,6,12,15,6,NA,13,0,0,0,0,0,NA,NA,NA,NA,NA,NA,NA,NA,NA,NA,NA,NA,NA,NA,NA,NA,NA,NA,NA,NA,NA,NA,NA,NA,NA,NA,NA,NA,NA,NA,NA,NA,NA,2,1,2,2,2,9,NA,NA,NA
"1174",1174,1174,1174,"Guatemala",2005,311,419,13,2,1,2,1,2,2,2,1,2,2,0,0,0,1,0,0,0,0,1,1,2,2,0,0,3,1,1,1,2,1,1,1,2,1,0,0,0,0,15,6,1,11,5,48,8,0,0,0,0,0,NA,NA,NA,NA,NA,NA,NA,NA,NA,NA,NA,NA,NA,NA,NA,NA,NA,NA,NA,NA,NA,NA,NA,NA,NA,NA,NA,NA,NA,NA,NA,NA,NA,1,NA,1,NA,2,6,48,NA,NA
"1191",1191,1191,1191,"Guinea",2005,314,2,11,2,1,1,1,0,2,1,1,1,2,1,1,0,0,0,0,0,0,0,1,2,1,1,0,1,2,1,1,2,2,0,1,1,0,0,0,1,0,5,5,2,8,3,40,9,0,0,0,0,0,NA,NA,NA,NA,NA,NA,NA,NA,NA,NA,NA,NA,NA,NA,NA,NA,NA,NA,NA,NA,NA,NA,NA,NA,NA,NA,NA,NA,NA,NA,NA,NA,NA,1,NA,NA,NA,2,4,40,NA,NA
"1208",1208,1208,1208,"Guinea-Bissau",2005,317,2,11,2,1,2,1,1,2,2,2,2,1,2,1,1,1,0,0,0,0,1,0,2,0,2,1,0,1,1,0,2,1,1,1,0,0,0,0,1,0,0,6,5,11,4,54,7,0,0,0,0,0,NA,NA,NA,NA,NA,NA,NA,NA,NA,NA,NA,NA,NA,NA,NA,NA,NA,NA,NA,NA,NA,NA,NA,NA,NA,NA,NA,NA,NA,NA,NA,NA,NA,1,NA,NA,NA,2,5,54,NA,NA
"1225",1225,1225,1225,"Guyana",2005,320,419,5,2,1,1,1,2,2,2,1,2,2,2,2,1,0,1,0,0,1,1,1,2,1,2,0,1,1,2,1,2,1,1,1,2,1,0,0,0,0,0,5,6,10,5,60,9,0,0,0,0,0,NA,NA,NA,NA,NA,NA,NA,NA,NA,NA,NA,NA,NA,NA,NA,NA,NA,NA,NA,NA,NA,NA,NA,NA,NA,NA,NA,NA,NA,NA,NA,NA,NA,1,NA,NA,NA,2,5,60,NA,NA
"1242",1242,1242,1242,"Haiti",2005,323,419,29,1,1,0,0,1,2,2,1,2,2,1,0,1,1,1,0,0,0,0,1,2,0,2,0,0,1,1,1,1,1,1,1,1,1,0,0,0,0,8,2,4,6,4,42,7,0,0,0,1,1,NA,NA,NA,NA,NA,NA,NA,NA,NA,NA,NA,NA,NA,NA,NA,NA,NA,NA,NA,NA,NA,NA,NA,NA,NA,NA,NA,NA,NA,NA,NA,NA,NA,1,NA,NA,NA,2,5,42,NA,NA
"1259",1259,1259,1259,"Honduras",2005,326,419,13,2,1,1,1,1,2,2,1,2,2,1,1,0,1,0,1,0,0,1,1,2,1,1,0,3,1,1,1,2,2,1,1,2,1,0,0,0,0,3,5,4,9,4,52,9,0,0,0,0,0,NA,NA,NA,NA,NA,NA,NA,NA,NA,NA,NA,NA,NA,NA,NA,NA,NA,NA,NA,NA,NA,NA,NA,NA,NA,NA,NA,NA,NA,NA,NA,NA,NA,1,NA,NA,NA,2,5,52,NA,NA
"1276",1276,1276,1276,"Hungary",2005,329,150,151,2,2,2,1,2,2,2,2,2,2,2,2,2,2,2,1,1,0,2,2,2,2,3,0,3,2,2,2,2,2,1,1,2,0,1,0,0,0,0,7,12,13,6,80,12,0,0,0,0,0,NA,NA,NA,NA,NA,NA,NA,NA,NA,NA,NA,NA,NA,NA,NA,NA,NA,NA,NA,NA,NA,NA,NA,NA,NA,NA,NA,NA,NA,NA,NA,NA,NA,1,1,1,NA,2,7,80,NA,NA
"1293",1293,1293,1293,"Iceland",2005,332,150,154,2,2,2,2,2,2,2,2,2,1,2,2,2,2,2,2,2,0,2,2,2,3,3,2,3,2,2,2,2,2,2,2,2,0,1,0,0,0,0,8,14,15,5,88,14,0,0,0,0,0,NA,NA,NA,NA,NA,NA,NA,NA,NA,NA,NA,NA,NA,NA,NA,NA,NA,NA,NA,NA,NA,NA,NA,NA,NA,NA,NA,NA,NA,NA,NA,NA,NA,1,1,2,1,2,8,88,NA,NA
"1310",1310,1310,1310,"India",2005,335,142,62,0,0,0,0,1,1,2,1,2,0,1,1,0,0,0,0,0,0,1,1,2,0,0,0,1,2,1,1,2,0,1,1,1,0,0,1,0,0,38,0,2,2,2,24,8,1,1,1,1,1,3,NA,NA,NA,NA,NA,NA,NA,NA,NA,NA,NA,NA,NA,NA,NA,NA,NA,NA,NA,NA,NA,NA,NA,NA,NA,NA,NA,NA,NA,NA,NA,NA,1,NA,NA,NA,0,4,24,NA,NA
"1327",1327,1327,1327,"Indonesia",2005,338,142,35,1,0,0,0,1,1,1,1,2,0,1,1,2,0,0,0,0,0,0,1,2,0,0,0,1,1,1,2,1,1,1,2,2,0,0,1,0,0,16,1,4,3,2,26,9,1,1,0,1,1,2,NA,NA,NA,NA,NA,NA,NA,NA,NA,NA,NA,NA,NA,NA,NA,NA,NA,NA,NA,NA,NA,NA,NA,NA,NA,NA,NA,NA,NA,NA,NA,NA,1,NA,NA,NA,0,3,26,NA,NA
"1344",1344,1344,1344,"Iran",2005,341,142,62,1,0,0,0,0,0,1,0,0,0,0,0,1,0,0,1,0,0,0,0,1,0,0,0,0,1,0,1,1,2,1,1,1,0,0,1,0,0,37,1,2,1,0,10,7,1,1,0,1,1,2,NA,NA,NA,NA,NA,NA,NA,NA,NA,NA,NA,NA,NA,NA,NA,NA,NA,NA,NA,NA,NA,NA,NA,NA,NA,NA,NA,NA,NA,NA,NA,NA,NA,NA,NA,NA,0,1,10,NA,NA
"1361",1361,1361,1361,"Iraq",2005,344,142,145,0,0,1,0,1,0,1,1,1,0,1,1,1,0,0,1,1,0,0,1,3,0,1,0,0,0,1,1,2,2,1,2,NA,0,0,1,0,0,33,1,5,3,2,28,9,1,1,1,0,1,2,NA,NA,NA,NA,NA,NA,NA,NA,NA,NA,NA,NA,NA,NA,NA,NA,NA,NA,NA,NA,NA,NA,NA,NA,NA,NA,NA,NA,NA,NA,NA,NA,2,NA,NA,NA,0,3,28,NA,NA
"1378",1378,1378,1378,"Ireland",2005,347,150,154,2,2,2,1,2,2,2,1,2,2,2,2,1,2,2,1,2,1,2,2,2,3,3,2,3,2,2,1,2,2,1,2,2,0,1,0,0,0,0,7,12,14,5,84,12,0,0,0,0,0,NA,NA,NA,NA,NA,NA,NA,NA,NA,NA,NA,NA,NA,NA,NA,NA,NA,NA,NA,NA,NA,NA,NA,NA,NA,NA,NA,NA,NA,NA,NA,NA,NA,1,1,2,1,2,8,84,NA,NA
"1395",1395,1395,1395,"Israel",2005,350,142,145,2,0,0,0,1,1,2,1,1,0,1,1,1,1,1,0,1,0,2,2,2,1,1,0,1,2,1,1,2,2,2,1,2,0,0,1,0,0,22,2,6,4,2,40,11,1,1,0,1,1,2,NA,NA,NA,NA,NA,NA,NA,NA,NA,NA,NA,NA,NA,NA,NA,NA,NA,NA,NA,NA,NA,NA,NA,NA,NA,NA,NA,NA,NA,NA,NA,NA,1,1,NA,NA,0,5,40,NA,NA
"1412",1412,1412,1412,"Italy",2005,353,150,39,2,2,2,1,2,2,2,1,2,1,2,2,2,0,1,2,2,0,2,2,2,3,3,1,3,2,2,2,2,2,2,2,2,0,1,0,0,0,0,7,11,12,4,78,14,0,0,0,0,0,NA,NA,NA,NA,NA,NA,NA,NA,NA,NA,NA,NA,NA,NA,NA,NA,NA,NA,NA,NA,NA,NA,NA,NA,NA,NA,NA,NA,NA,NA,NA,NA,NA,1,1,2,NA,2,8,78,NA,NA
"1429",1429,1429,1429,"Jamaica",2005,356,419,29,2,0,2,1,2,2,2,2,1,2,1,1,1,2,0,1,1,2,2,1,2,3,3,1,3,2,0,2,0,1,1,1,0,1,0,0,0,0,3,5,7,12,6,72,7,0,1,0,0,0,NA,NA,NA,NA,NA,NA,NA,NA,NA,NA,NA,NA,NA,NA,NA,NA,NA,NA,NA,NA,NA,NA,NA,NA,NA,NA,NA,NA,NA,NA,NA,NA,NA,1,NA,2,NA,2,7,72,NA,NA
"1446",1446,1446,1446,"Japan",2005,359,142,30,2,2,2,1,2,2,2,2,2,2,2,1,1,1,2,2,2,0,2,2,2,3,3,0,3,2,1,2,2,2,2,2,2,0,0,1,0,0,0,7,11,13,6,80,13,0,0,0,0,0,NA,NA,NA,NA,NA,NA,NA,NA,NA,NA,NA,NA,NA,NA,NA,NA,NA,NA,NA,NA,NA,NA,NA,NA,NA,NA,NA,NA,NA,NA,NA,NA,NA,1,1,2,NA,2,8,80,NA,NA
"1463",1463,1463,1463,"Jordan",2005,362,142,145,2,2,0,1,1,0,1,0,0,0,1,1,0,1,1,1,1,2,1,1,2,0,1,0,0,1,1,1,1,1,1,1,1,0,0,1,0,0,0,5,6,6,1,42,7,0,0,0,1,0,NA,NA,NA,NA,NA,NA,NA,NA,NA,NA,NA,NA,NA,NA,NA,NA,NA,NA,NA,NA,NA,NA,NA,NA,NA,NA,NA,NA,NA,NA,NA,NA,NA,1,NA,NA,NA,2,2,42,NA,NA
"1480",1480,1480,1480,"Kazakhstan",2005,365,142,62,2,1,1,0,1,1,1,0,0,0,1,1,1,0,1,1,0,0,1,1,2,2,0,0,3,1,1,2,1,2,1,2,1,0,0,1,0,0,0,4,5,5,1,36,10,0,0,0,0,1,NA,NA,NA,NA,NA,NA,NA,NA,NA,NA,NA,NA,NA,NA,NA,NA,NA,NA,NA,NA,NA,NA,NA,NA,NA,NA,NA,NA,NA,NA,NA,NA,NA,1,NA,1,NA,2,4,36,NA,NA
"1497",1497,1497,1497,"Kenya",2005,368,2,14,2,0,1,0,1,1,1,1,2,0,1,1,0,0,0,0,1,1,0,1,2,0,0,0,1,2,1,1,2,2,1,2,1,0,0,0,1,0,21,3,3,5,2,30,11,1,1,0,0,1,1,NA,NA,NA,NA,NA,NA,NA,NA,NA,NA,NA,NA,NA,NA,NA,NA,NA,NA,NA,NA,NA,NA,NA,NA,NA,NA,NA,NA,NA,NA,NA,NA,1,NA,NA,NA,0,3,30,NA,NA
"1514",1514,1514,1514,"Kiribati",2005,371,9,57,2,2,2,2,2,2,2,1,2,2,2,2,0,2,2,0,1,NA,2,1,1,2,3,2,2,2,2,0,2,2,0,1,NA,0,0,0,0,1,0,8,9,15,5,NA,9,0,0,0,0,0,NA,NA,NA,NA,NA,NA,NA,NA,NA,NA,NA,NA,NA,NA,NA,NA,NA,NA,NA,NA,NA,NA,NA,NA,NA,NA,NA,NA,NA,NA,NA,NA,NA,NA,NA,1,1,2,5,NA,NA,NA
"1531",1531,1531,1531,"Dem. Rep. Korea",2005,374,142,30,0,0,0,0,0,0,0,0,0,0,0,0,0,0,1,0,0,0,0,1,1,2,0,0,3,1,0,1,1,2,1,1,0,0,0,1,0,0,27,0,1,0,0,8,7,1,1,1,1,1,3,NA,NA,NA,NA,NA,NA,NA,NA,NA,NA,NA,NA,NA,NA,NA,NA,NA,NA,NA,NA,NA,NA,NA,NA,NA,NA,NA,NA,NA,NA,NA,NA,NA,NA,1,NA,0,1,8,NA,NA
"1548",1548,1548,1548,"Korea",2005,377,142,30,2,2,0,1,1,1,2,1,2,2,1,1,2,2,2,1,1,0,2,1,2,NA,3,1,NA,2,1,2,2,2,1,2,1,0,0,1,0,0,0,5,10,10,4,NA,12,0,0,0,1,0,NA,NA,NA,NA,NA,NA,NA,NA,NA,NA,NA,NA,NA,NA,NA,NA,NA,NA,NA,NA,NA,NA,NA,NA,NA,NA,NA,NA,NA,NA,NA,NA,NA,1,NA,NA,NA,2,4,NA,NA,NA
"1565",1565,1565,1565,"Kuwait",2005,380,142,145,2,1,1,1,1,0,2,0,0,0,0,0,1,0,1,0,0,1,2,1,0,1,1,0,1,1,1,1,2,2,1,2,2,0,0,1,0,0,0,5,2,6,1,36,10,0,0,0,0,0,NA,NA,NA,NA,NA,NA,NA,NA,NA,NA,NA,NA,NA,NA,NA,NA,NA,NA,NA,NA,NA,NA,NA,NA,NA,NA,NA,NA,NA,NA,NA,NA,NA,NA,NA,NA,NA,2,2,36,NA,NA
"1582",1582,1582,1582,"Kyrgyzstan",2005,383,142,62,2,2,1,1,1,1,0,1,1,1,2,1,1,1,0,1,0,0,1,1,1,0,0,0,3,2,0,2,1,2,1,2,2,0,0,1,0,0,0,6,6,9,3,44,10,0,0,0,0,0,NA,NA,NA,NA,NA,NA,NA,NA,NA,NA,NA,NA,NA,NA,NA,NA,NA,NA,NA,NA,NA,NA,NA,NA,NA,NA,NA,NA,NA,NA,NA,NA,NA,NA,NA,NA,NA,2,1,44,NA,NA
"1599",1599,1599,1599,"Lao PDR",2005,386,142,35,0,1,1,1,0,1,2,0,0,0,1,0,0,0,1,1,1,0,1,2,2,2,1,0,3,1,0,1,1,2,1,1,2,0,0,1,0,0,3,3,4,3,0,34,7,0,0,1,0,0,NA,NA,NA,NA,NA,NA,NA,NA,NA,NA,NA,NA,NA,NA,NA,NA,NA,NA,NA,NA,NA,NA,NA,NA,NA,NA,NA,NA,NA,NA,NA,NA,NA,1,1,1,NA,2,6,34,NA,NA
"1616",1616,1616,1616,"Latvia",2005,389,150,154,2,2,2,1,1,2,2,2,2,1,2,1,1,1,1,1,1,0,1,1,2,2,3,1,3,2,1,2,2,1,1,2,2,0,1,0,0,0,0,7,8,12,4,68,11,0,0,0,0,0,NA,NA,NA,NA,NA,NA,NA,NA,NA,NA,NA,NA,NA,NA,NA,NA,NA,NA,NA,NA,NA,NA,NA,NA,NA,NA,NA,NA,NA,NA,NA,NA,NA,1,NA,1,NA,2,6,68,NA,NA
"1633",1633,1633,1633,"Lebanon",2005,392,142,145,2,1,1,0,1,1,2,1,1,1,1,2,1,1,0,0,1,0,1,1,1,2,1,0,2,1,2,1,1,2,1,1,0,0,0,1,0,0,1,4,6,7,3,48,9,0,0,0,0,1,NA,NA,NA,NA,NA,NA,NA,NA,NA,NA,NA,NA,NA,NA,NA,NA,NA,NA,NA,NA,NA,NA,NA,NA,NA,NA,NA,NA,NA,NA,NA,NA,NA,NA,NA,1,NA,2,4,48,NA,NA
"1650",1650,1650,1650,"Lesotho",2005,395,2,18,2,1,2,1,2,2,2,2,2,2,1,1,1,1,1,1,1,1,2,0,2,2,3,0,2,2,1,1,2,2,1,2,2,0,0,0,1,0,3,6,7,12,6,68,11,0,0,0,0,0,NA,NA,NA,NA,NA,NA,NA,NA,NA,NA,NA,NA,NA,NA,NA,NA,NA,NA,NA,NA,NA,NA,NA,NA,NA,NA,NA,NA,NA,NA,NA,NA,NA,1,NA,1,NA,2,6,68,NA,NA
"1667",1667,1667,1667,"Liberia",2005,398,2,11,2,2,2,1,2,2,1,2,1,1,1,1,0,0,0,0,0,0,1,1,2,0,2,0,1,1,1,1,1,2,1,1,1,0,0,0,1,0,9,7,2,12,5,48,8,0,0,0,0,0,NA,NA,NA,NA,NA,NA,NA,NA,NA,NA,NA,NA,NA,NA,NA,NA,NA,NA,NA,NA,NA,NA,NA,NA,NA,NA,NA,NA,NA,NA,NA,NA,NA,1,NA,NA,NA,2,4,48,NA,NA
"1684",1684,1684,1684,"Libya",2005,401,2,15,2,1,0,0,0,1,2,0,0,0,2,0,2,2,0,0,1,0,0,1,1,1,0,0,1,0,0,2,2,2,0,1,2,0,0,0,1,0,20,3,7,3,0,36,7,0,0,0,1,1,NA,NA,NA,NA,NA,NA,NA,NA,NA,NA,NA,NA,NA,NA,NA,NA,NA,NA,NA,NA,NA,NA,NA,NA,NA,NA,NA,NA,NA,NA,NA,NA,NA,NA,NA,NA,NA,2,3,36,NA,NA
"1701",1701,1701,1701,"Liechtenstein",2005,404,150,155,2,2,2,2,2,2,2,2,2,1,1,2,0,2,2,1,2,NA,1,2,2,2,3,3,2,1,2,0,2,2,2,2,NA,0,1,0,0,0,0,8,10,16,5,NA,11,0,0,0,0,0,NA,NA,NA,NA,NA,NA,NA,NA,NA,NA,NA,NA,NA,NA,NA,NA,NA,NA,NA,NA,NA,NA,NA,NA,NA,NA,NA,NA,NA,NA,NA,NA,NA,1,1,1,2,2,7,NA,NA,NA
"1718",1718,1718,1718,"Lithuania",2005,407,150,154,2,2,2,1,1,2,2,1,2,1,1,1,1,1,1,1,2,0,2,2,2,1,3,2,2,2,1,2,2,2,1,2,2,0,1,0,0,0,0,7,8,12,3,68,12,0,0,0,0,0,NA,NA,NA,NA,NA,NA,NA,NA,NA,NA,NA,NA,NA,NA,NA,NA,NA,NA,NA,NA,NA,NA,NA,NA,NA,NA,NA,NA,NA,NA,NA,NA,NA,1,1,NA,1,2,6,68,NA,NA
"1735",1735,1735,1735,"Luxembourg",2005,410,150,155,2,2,2,2,2,2,2,2,2,1,2,1,1,2,2,1,2,0,2,2,2,3,3,3,3,2,1,2,2,2,1,1,1,0,1,0,0,0,0,8,11,16,5,84,11,0,0,0,0,0,NA,NA,NA,NA,NA,NA,NA,NA,NA,NA,NA,NA,NA,NA,NA,NA,NA,NA,NA,NA,NA,NA,NA,NA,NA,NA,NA,NA,NA,NA,NA,NA,NA,1,1,2,2,2,8,84,NA,NA
"1752",1752,1752,1752,"North Macedonia",2005,413,150,39,2,2,1,0,2,2,2,1,1,1,1,1,1,1,1,0,1,0,1,1,2,2,3,1,3,2,2,2,2,2,0,2,2,0,1,0,0,0,0,5,6,10,4,58,12,0,0,0,0,1,NA,NA,NA,NA,NA,NA,NA,NA,NA,NA,NA,NA,NA,NA,NA,NA,NA,NA,NA,NA,NA,NA,NA,NA,NA,NA,NA,NA,NA,NA,NA,NA,NA,1,NA,1,NA,2,6,58,NA,NA
"1769",1769,1769,1769,"Madagascar",2005,416,2,14,2,1,1,0,1,2,2,0,1,0,1,1,1,1,0,0,1,0,0,1,2,1,3,0,2,1,1,1,2,2,1,1,0,0,0,0,1,0,8,4,5,5,1,44,9,0,0,0,0,1,NA,NA,NA,NA,NA,NA,NA,NA,NA,NA,NA,NA,NA,NA,NA,NA,NA,NA,NA,NA,NA,NA,NA,NA,NA,NA,NA,NA,NA,NA,NA,NA,NA,1,NA,NA,NA,2,5,44,NA,NA
"1786",1786,1786,1786,"Malawi",2005,419,2,14,2,1,1,1,1,2,2,1,1,2,1,1,0,1,0,0,0,0,2,1,2,1,3,1,1,2,1,1,2,2,1,2,0,0,0,0,1,0,1,5,3,10,4,54,11,0,0,0,0,0,NA,NA,NA,NA,NA,NA,NA,NA,NA,NA,NA,NA,NA,NA,NA,NA,NA,NA,NA,NA,NA,NA,NA,NA,NA,NA,NA,NA,NA,NA,NA,NA,NA,1,NA,NA,NA,2,5,54,NA,NA
"1803",1803,1803,1803,"Malaysia",2005,422,142,35,2,1,0,2,0,1,1,0,1,0,0,0,1,1,0,0,1,0,0,1,2,1,2,0,2,1,1,1,1,1,0,1,1,0,0,1,0,0,1,5,3,5,0,34,6,0,0,0,1,0,NA,NA,NA,NA,NA,NA,NA,NA,NA,NA,NA,NA,NA,NA,NA,NA,NA,NA,NA,NA,NA,NA,NA,NA,NA,NA,NA,NA,NA,NA,NA,NA,NA,1,NA,NA,NA,2,3,34,NA,NA
"1820",1820,1820,1820,"Maldives",2005,425,142,62,2,2,0,1,1,2,2,0,1,0,0,0,0,0,1,0,0,NA,0,1,2,1,1,0,1,0,0,0,0,2,0,0,NA,0,0,1,0,0,0,5,1,6,1,NA,2,0,0,0,1,0,NA,NA,NA,NA,NA,NA,NA,NA,NA,NA,NA,NA,NA,NA,NA,NA,NA,NA,NA,NA,NA,NA,NA,NA,NA,NA,NA,NA,NA,NA,NA,NA,NA,1,NA,NA,NA,2,5,NA,NA,NA
"1837",1837,1837,1837,"Mali",2005,428,2,11,2,2,2,1,1,2,1,2,2,2,1,1,0,1,0,0,0,0,0,1,2,NA,3,0,NA,2,1,1,2,1,1,2,1,0,0,0,1,0,4,7,3,12,5,NA,10,0,0,0,0,0,NA,NA,NA,NA,NA,NA,NA,NA,NA,NA,NA,NA,NA,NA,NA,NA,NA,NA,NA,NA,NA,NA,NA,NA,NA,NA,NA,NA,NA,NA,NA,NA,NA,1,NA,NA,NA,2,4,NA,NA,NA
"1854",1854,1854,1854,"Malta",2005,431,150,39,2,2,2,2,2,2,2,2,2,2,2,2,1,2,2,2,1,NA,2,2,2,NA,3,3,NA,2,2,1,2,2,2,2,NA,0,1,0,0,0,0,8,12,17,6,NA,13,0,0,0,0,0,NA,NA,NA,NA,NA,NA,NA,NA,NA,NA,NA,NA,NA,NA,NA,NA,NA,NA,NA,NA,NA,NA,NA,NA,NA,NA,NA,NA,NA,NA,NA,NA,NA,1,1,NA,2,2,6,NA,NA,NA
"1871",1871,1871,1871,"Marshall Islands",2005,434,9,57,2,2,2,2,2,2,2,2,2,2,1,0,0,0,0,1,0,NA,2,2,1,NA,2,3,NA,1,0,1,2,1,1,0,NA,0,0,0,0,1,0,8,2,17,6,NA,6,0,0,0,0,0,NA,NA,NA,NA,NA,NA,NA,NA,NA,NA,NA,NA,NA,NA,NA,NA,NA,NA,NA,NA,NA,NA,NA,NA,NA,NA,NA,NA,NA,NA,NA,NA,NA,NA,1,NA,2,2,5,NA,NA,NA
"1888",1888,1888,1888,"Mauritania",2005,437,2,11,2,1,0,0,1,2,1,1,0,0,1,1,1,0,1,1,1,0,0,2,2,NA,1,0,NA,1,1,1,2,1,1,2,2,0,0,0,1,0,2,3,6,5,2,NA,9,0,0,0,1,1,NA,NA,NA,NA,NA,NA,NA,NA,NA,NA,NA,NA,NA,NA,NA,NA,NA,NA,NA,NA,NA,NA,NA,NA,NA,NA,NA,NA,NA,NA,NA,NA,NA,1,1,NA,NA,2,5,NA,NA,NA
"1905",1905,1905,1905,"Mauritius",2005,440,2,14,2,2,2,1,2,2,2,2,2,2,1,1,1,1,1,1,1,0,2,2,2,NA,3,2,NA,2,1,1,2,2,1,2,1,0,0,0,1,0,0,7,7,15,6,NA,11,0,0,0,0,0,NA,NA,NA,NA,NA,NA,NA,NA,NA,NA,NA,NA,NA,NA,NA,NA,NA,NA,NA,NA,NA,NA,NA,NA,NA,NA,NA,NA,NA,NA,NA,NA,NA,1,1,NA,1,2,6,NA,NA,NA
"1922",1922,1922,1922,"Mexico",2005,443,419,13,1,1,1,0,2,2,2,1,1,0,1,1,1,1,0,1,1,0,1,1,2,NA,0,0,NA,1,2,1,2,2,1,2,1,1,0,0,0,0,19,3,6,6,3,NA,11,0,0,0,0,1,NA,NA,NA,NA,NA,NA,NA,NA,NA,NA,NA,NA,NA,NA,NA,NA,NA,NA,NA,NA,NA,NA,NA,NA,NA,NA,NA,NA,NA,NA,NA,NA,NA,1,NA,NA,NA,2,5,NA,NA,NA
"1939",1939,1939,1939,"Micronesia, Fed. Sts.",2005,446,9,57,2,2,2,1,2,2,2,2,2,2,1,0,1,2,0,1,0,NA,2,2,1,NA,3,2,NA,1,0,1,2,0,1,0,NA,0,0,0,0,1,0,7,5,15,6,NA,5,0,0,0,0,0,NA,NA,NA,NA,NA,NA,NA,NA,NA,NA,NA,NA,NA,NA,NA,NA,NA,NA,NA,NA,NA,NA,NA,NA,NA,NA,NA,NA,NA,NA,NA,NA,NA,NA,1,NA,1,2,5,NA,NA,NA
"1956",1956,1956,1956,"Moldova",2005,449,150,151,2,2,1,0,1,1,2,1,1,0,1,1,1,1,0,0,0,0,1,2,2,NA,1,0,NA,2,1,2,2,2,1,2,2,0,1,0,0,0,0,5,4,7,2,NA,12,0,0,0,0,1,NA,NA,NA,NA,NA,NA,NA,NA,NA,NA,NA,NA,NA,NA,NA,NA,NA,NA,NA,NA,NA,NA,NA,NA,NA,NA,NA,NA,NA,NA,NA,NA,NA,1,1,NA,NA,2,5,NA,NA,NA
"1973",1973,1973,1973,"Monaco",2005,452,150,155,2,2,2,2,2,2,2,1,0,2,1,2,2,2,2,2,2,NA,2,3,2,NA,3,3,NA,2,2,2,2,2,2,2,NA,0,1,0,0,0,0,8,13,16,5,NA,14,0,0,0,0,0,NA,NA,NA,NA,NA,NA,NA,NA,NA,NA,NA,NA,NA,NA,NA,NA,NA,NA,NA,NA,NA,NA,NA,NA,NA,NA,NA,NA,NA,NA,NA,NA,NA,1,2,NA,2,2,7,NA,NA,NA
"1990",1990,1990,1990,"Mongolia",2005,455,142,30,2,2,2,0,2,2,2,1,1,0,1,1,2,1,0,1,1,0,1,2,2,NA,3,1,NA,2,1,2,2,2,1,2,1,0,0,1,0,0,0,6,7,10,3,NA,12,0,0,0,0,1,NA,NA,NA,NA,NA,NA,NA,NA,NA,NA,NA,NA,NA,NA,NA,NA,NA,NA,NA,NA,NA,NA,NA,NA,NA,NA,NA,NA,NA,NA,NA,NA,NA,1,1,NA,NA,2,6,NA,NA,NA
"2023",2023,2023,2023,"Morocco",2005,461,2,15,2,1,0,0,1,1,2,0,0,0,1,1,1,1,0,0,0,0,0,1,2,NA,2,0,NA,1,1,1,2,2,1,1,1,0,0,0,1,0,1,3,4,4,1,NA,9,0,0,0,1,1,NA,NA,NA,NA,NA,NA,NA,NA,NA,NA,NA,NA,NA,NA,NA,NA,NA,NA,NA,NA,NA,NA,NA,NA,NA,NA,NA,NA,NA,NA,NA,NA,NA,1,NA,NA,NA,2,4,NA,NA,NA
"2040",2040,2040,2040,"Mozambique",2005,464,2,14,2,1,1,1,1,2,1,1,1,1,1,1,1,1,0,1,0,0,1,1,3,1,2,0,2,2,1,1,2,1,1,2,0,0,0,0,1,0,6,5,5,8,3,50,10,0,0,0,0,0,NA,NA,NA,NA,NA,NA,NA,NA,NA,NA,NA,NA,NA,NA,NA,NA,NA,NA,NA,NA,NA,NA,NA,NA,NA,NA,NA,NA,NA,NA,NA,NA,NA,2,NA,NA,NA,2,5,50,NA,NA
"2057",2057,2057,2057,"Namibia",2005,467,2,18,2,1,2,1,2,2,2,1,2,2,1,1,1,1,0,0,1,2,2,1,2,1,2,NA,3,2,1,1,2,2,0,2,2,0,0,0,1,0,5,6,5,NA,5,NA,10,0,0,0,0,0,NA,NA,NA,NA,NA,NA,NA,NA,NA,NA,NA,NA,NA,NA,NA,NA,NA,NA,NA,NA,NA,NA,NA,NA,NA,NA,NA,NA,NA,NA,NA,NA,NA,1,NA,NA,NA,2,5,NA,NA,NA
"2074",2074,2074,2074,"Nauru",2005,470,9,57,2,2,2,2,2,2,2,2,2,1,0,0,1,2,2,0,0,NA,2,1,1,NA,1,1,NA,1,0,1,2,1,0,1,NA,0,0,0,0,1,0,8,5,14,5,NA,6,0,0,0,0,0,NA,NA,NA,NA,NA,NA,NA,NA,NA,NA,NA,NA,NA,NA,NA,NA,NA,NA,NA,NA,NA,NA,NA,NA,NA,NA,NA,NA,NA,NA,NA,NA,NA,NA,NA,NA,NA,2,4,NA,NA,NA
"2091",2091,2091,2091,"Nepal",2005,473,142,62,0,0,0,0,0,1,1,0,0,1,2,1,1,1,0,0,0,0,1,1,2,NA,0,0,NA,2,1,1,2,2,1,1,2,0,0,1,0,0,15,0,5,1,1,NA,10,1,1,1,1,1,3,NA,NA,NA,NA,NA,NA,NA,NA,NA,NA,NA,NA,NA,NA,NA,NA,NA,NA,NA,NA,NA,NA,NA,NA,NA,NA,NA,NA,NA,NA,NA,NA,1,NA,NA,NA,0,3,NA,NA,NA
"2108",2108,2108,2108,"Netherlands",2005,476,150,155,2,2,2,2,2,2,2,2,2,2,2,2,1,1,2,2,2,0,2,2,3,2,3,3,3,2,2,2,2,2,2,2,2,0,1,0,0,0,0,8,12,17,6,88,14,0,0,0,0,0,NA,NA,NA,NA,NA,NA,NA,NA,NA,NA,NA,NA,NA,NA,NA,NA,NA,NA,NA,NA,NA,NA,NA,NA,NA,NA,NA,NA,NA,NA,NA,NA,NA,2,1,1,2,2,8,88,NA,NA
"2125",2125,2125,2125,"New Zealand",2005,479,9,53,2,2,2,1,2,2,2,2,2,2,2,2,1,2,2,1,2,2,2,3,3,3,3,3,3,2,2,1,2,2,1,2,2,0,0,0,0,1,0,7,12,16,6,94,12,0,0,0,0,0,NA,NA,NA,NA,NA,NA,NA,NA,NA,NA,NA,NA,NA,NA,NA,NA,NA,NA,NA,NA,NA,NA,NA,NA,NA,NA,NA,NA,NA,NA,NA,NA,NA,2,2,2,2,2,10,94,NA,NA
"2142",2142,2142,2142,"Nicaragua",2005,482,419,13,2,1,2,0,2,2,2,2,2,2,1,0,1,1,0,1,0,0,1,1,2,3,3,0,3,2,1,1,2,2,1,2,2,1,0,0,0,0,11,5,4,11,6,60,11,0,0,0,0,1,NA,NA,NA,NA,NA,NA,NA,NA,NA,NA,NA,NA,NA,NA,NA,NA,NA,NA,NA,NA,NA,NA,NA,NA,NA,NA,NA,NA,NA,NA,NA,NA,NA,1,NA,2,NA,2,7,60,NA,NA
"2159",2159,2159,2159,"Niger",2005,485,2,11,2,2,1,1,1,1,1,0,2,2,2,2,1,1,0,1,1,0,0,0,2,1,2,0,2,2,2,1,1,1,1,2,0,0,0,0,1,0,0,6,8,9,3,52,10,0,0,0,0,0,NA,NA,NA,NA,NA,NA,NA,NA,NA,NA,NA,NA,NA,NA,NA,NA,NA,NA,NA,NA,NA,NA,NA,NA,NA,NA,NA,NA,NA,NA,NA,NA,NA,1,NA,NA,NA,2,3,52,NA,NA
"2176",2176,2176,2176,"Nigeria",2005,488,2,11,1,0,1,0,0,1,1,0,1,1,1,0,0,0,1,1,0,0,0,1,1,0,1,0,1,1,1,1,2,1,1,1,1,0,0,0,1,0,25,2,3,3,1,24,8,1,1,0,0,1,1,NA,NA,NA,NA,NA,NA,NA,NA,NA,NA,NA,NA,NA,NA,NA,NA,NA,NA,NA,NA,NA,NA,NA,NA,NA,NA,NA,NA,NA,NA,NA,NA,NA,NA,NA,NA,0,2,24,NA,NA
"2193",2193,2193,2193,"Norway",2005,491,150,154,2,2,2,2,2,2,2,2,2,1,2,1,1,1,2,2,2,0,2,3,3,3,3,3,3,2,2,2,2,2,2,2,2,0,1,0,0,0,0,8,11,16,5,88,14,0,0,0,0,0,NA,NA,NA,NA,NA,NA,NA,NA,NA,NA,NA,NA,NA,NA,NA,NA,NA,NA,NA,NA,NA,NA,NA,NA,NA,NA,NA,NA,NA,NA,NA,NA,NA,2,2,2,2,2,10,88,NA,NA
"2210",2210,2210,2210,"Oman",2005,494,142,145,2,2,0,1,1,2,0,0,0,1,1,1,1,1,2,1,2,1,0,1,2,0,0,0,0,0,0,1,2,2,1,2,1,0,0,1,0,0,0,5,9,7,2,46,8,0,0,0,1,0,NA,NA,NA,NA,NA,NA,NA,NA,NA,NA,NA,NA,NA,NA,NA,NA,NA,NA,NA,NA,NA,NA,NA,NA,NA,NA,NA,NA,NA,NA,NA,NA,NA,1,NA,NA,NA,2,3,46,NA,NA
"2227",2227,2227,2227,"Pakistan",2005,497,142,62,1,0,0,0,1,1,2,0,1,0,0,0,1,0,0,0,0,0,0,0,2,0,1,0,1,1,1,1,2,1,1,1,1,0,0,1,0,0,30,1,1,2,1,18,8,1,1,0,1,1,2,NA,NA,NA,NA,NA,NA,NA,NA,NA,NA,NA,NA,NA,NA,NA,NA,NA,NA,NA,NA,NA,NA,NA,NA,NA,NA,NA,NA,NA,NA,NA,NA,1,NA,NA,NA,0,4,18,NA,NA
"2244",2244,2244,2244,"Palau",2005,500,9,57,2,2,2,2,2,2,2,2,2,2,1,0,0,0,0,2,0,NA,2,3,2,3,3,3,3,1,0,0,1,0,2,0,NA,0,0,0,0,1,0,8,3,17,6,NA,4,0,0,0,0,0,NA,NA,NA,NA,NA,NA,NA,NA,NA,NA,NA,NA,NA,NA,NA,NA,NA,NA,NA,NA,NA,NA,NA,NA,NA,NA,NA,NA,NA,NA,NA,NA,NA,1,2,2,2,2,9,NA,NA,NA
"2261",2261,2261,2261,"Panama",2005,503,419,13,2,2,2,0,2,2,2,1,2,1,1,1,1,2,1,0,1,1,0,1,2,3,3,0,3,1,1,1,2,2,1,2,2,1,0,0,0,0,1,6,7,10,4,64,10,0,0,0,0,1,NA,NA,NA,NA,NA,NA,NA,NA,NA,NA,NA,NA,NA,NA,NA,NA,NA,NA,NA,NA,NA,NA,NA,NA,NA,NA,NA,NA,NA,NA,NA,NA,NA,1,NA,2,NA,2,7,64,NA,NA
"2278",2278,2278,2278,"Papua New Guinea",2005,506,9,54,2,1,2,0,1,2,2,2,2,2,1,1,1,2,1,0,1,2,2,1,1,1,2,2,3,1,2,1,2,1,1,1,0,0,0,0,0,1,6,5,7,12,5,68,9,0,0,0,0,1,NA,NA,NA,NA,NA,NA,NA,NA,NA,NA,NA,NA,NA,NA,NA,NA,NA,NA,NA,NA,NA,NA,NA,NA,NA,NA,NA,NA,NA,NA,NA,NA,NA,NA,NA,NA,1,2,4,68,NA,NA
"2295",2295,2295,2295,"Paraguay",2005,509,419,5,2,1,2,1,1,1,2,1,2,2,1,1,1,1,0,0,0,0,1,1,2,1,2,0,3,1,2,1,2,2,1,2,2,1,0,0,0,0,0,6,4,10,4,52,11,0,0,0,0,0,NA,NA,NA,NA,NA,NA,NA,NA,NA,NA,NA,NA,NA,NA,NA,NA,NA,NA,NA,NA,NA,NA,NA,NA,NA,NA,NA,NA,NA,NA,NA,NA,NA,1,NA,NA,NA,2,4,52,NA,NA
"2312",2312,2312,2312,"Peru",2005,512,419,5,2,2,1,0,1,2,2,1,2,1,1,0,1,0,0,1,1,0,2,2,2,2,2,0,3,2,1,1,2,1,1,1,2,1,0,0,0,0,13,5,4,8,3,52,9,0,0,0,0,1,NA,NA,NA,NA,NA,NA,NA,NA,NA,NA,NA,NA,NA,NA,NA,NA,NA,NA,NA,NA,NA,NA,NA,NA,NA,NA,NA,NA,NA,NA,NA,NA,NA,1,1,1,NA,2,7,52,NA,NA
"2329",2329,2329,2329,"Philippines",2005,515,142,35,1,0,0,0,1,2,2,1,1,2,1,1,0,2,0,0,1,0,1,1,2,2,0,1,2,2,1,1,2,2,1,1,2,0,0,1,0,0,28,1,5,6,4,40,10,1,1,0,1,1,2,NA,NA,NA,NA,NA,NA,NA,NA,NA,NA,NA,NA,NA,NA,NA,NA,NA,NA,NA,NA,NA,NA,NA,NA,NA,NA,NA,NA,NA,NA,NA,NA,1,NA,1,NA,0,6,40,NA,NA
"2346",2346,2346,2346,"Poland",2005,518,150,151,2,2,2,1,1,2,2,1,2,2,1,1,2,1,1,1,0,0,2,1,2,3,3,2,3,1,1,2,2,2,1,2,2,0,1,0,0,0,0,7,7,13,4,70,11,0,0,0,0,0,NA,NA,NA,NA,NA,NA,NA,NA,NA,NA,NA,NA,NA,NA,NA,NA,NA,NA,NA,NA,NA,NA,NA,NA,NA,NA,NA,NA,NA,NA,NA,NA,NA,1,NA,2,1,2,7,70,NA,NA
"2363",2363,2363,2363,"Portugal",2005,521,150,39,2,2,2,1,2,2,2,2,2,2,2,2,2,1,2,1,1,0,2,2,2,2,2,1,3,2,2,2,2,2,1,2,2,0,1,0,0,0,0,7,11,14,6,78,13,0,0,0,0,0,NA,NA,NA,NA,NA,NA,NA,NA,NA,NA,NA,NA,NA,NA,NA,NA,NA,NA,NA,NA,NA,NA,NA,NA,NA,NA,NA,NA,NA,NA,NA,NA,NA,1,1,1,NA,2,7,78,NA,NA
"2380",2380,2380,2380,"Qatar",2005,524,142,145,2,2,1,2,0,2,2,0,0,0,1,0,0,0,2,0,0,NA,1,1,1,1,2,1,1,1,1,0,1,2,0,0,NA,0,0,1,0,0,0,7,3,8,0,NA,5,0,0,0,0,0,NA,NA,NA,NA,NA,NA,NA,NA,NA,NA,NA,NA,NA,NA,NA,NA,NA,NA,NA,NA,NA,NA,NA,NA,NA,NA,NA,NA,NA,NA,NA,NA,NA,NA,NA,NA,NA,2,4,NA,NA,NA
"2397",2397,2397,2397,"Romania",2005,527,150,151,2,1,2,1,1,2,2,1,1,0,1,0,2,1,0,1,0,0,1,1,2,2,1,1,3,2,1,2,2,2,1,1,2,0,1,0,0,0,0,6,5,9,2,52,11,0,0,0,0,0,NA,NA,NA,NA,NA,NA,NA,NA,NA,NA,NA,NA,NA,NA,NA,NA,NA,NA,NA,NA,NA,NA,NA,NA,NA,NA,NA,NA,NA,NA,NA,NA,NA,1,NA,1,NA,2,6,52,NA,NA
"2414",2414,2414,2414,"Russia",2005,530,150,151,0,1,1,0,1,1,0,0,1,0,0,0,0,0,0,0,0,0,1,1,2,3,1,0,3,2,1,2,2,2,1,2,2,0,1,0,0,0,17,2,0,3,1,26,12,0,0,1,0,1,NA,NA,NA,NA,NA,NA,NA,NA,NA,NA,NA,NA,NA,NA,NA,NA,NA,NA,NA,NA,NA,NA,NA,NA,NA,NA,NA,NA,NA,NA,NA,NA,NA,1,NA,2,NA,2,4,26,NA,NA
"2431",2431,2431,2431,"Rwanda",2005,533,2,14,2,1,1,0,1,2,1,0,1,0,1,0,0,2,0,0,1,0,1,2,3,2,1,0,3,1,1,1,2,2,1,1,0,0,0,0,1,0,12,4,4,5,1,42,9,0,0,0,0,1,NA,NA,NA,NA,NA,NA,NA,NA,NA,NA,NA,NA,NA,NA,NA,NA,NA,NA,NA,NA,NA,NA,NA,NA,NA,NA,NA,NA,NA,NA,NA,NA,NA,2,1,1,NA,2,7,42,NA,NA
"2448",2448,2448,2448,"St. Kitts and Nevis",2005,536,419,29,2,2,2,2,2,2,2,2,1,2,1,1,1,2,2,1,1,NA,2,2,2,2,3,2,3,1,0,1,2,2,1,1,NA,1,0,0,0,0,0,8,9,16,6,NA,8,0,0,0,0,0,NA,NA,NA,NA,NA,NA,NA,NA,NA,NA,NA,NA,NA,NA,NA,NA,NA,NA,NA,NA,NA,NA,NA,NA,NA,NA,NA,NA,NA,NA,NA,NA,NA,1,1,1,1,2,7,NA,NA,NA
"2465",2465,2465,2465,"St. Lucia",2005,539,419,29,2,2,2,0,2,2,2,2,2,2,2,2,1,2,2,0,1,0,2,2,2,3,2,1,3,2,2,1,2,2,0,2,0,1,0,0,0,0,0,6,10,13,6,76,11,0,0,0,0,1,NA,NA,NA,NA,NA,NA,NA,NA,NA,NA,NA,NA,NA,NA,NA,NA,NA,NA,NA,NA,NA,NA,NA,NA,NA,NA,NA,NA,NA,NA,NA,NA,NA,1,1,2,NA,2,8,76,NA,NA
"2482",2482,2482,2482,"St. Vincent and the Grenadines",2005,542,419,29,2,2,1,0,2,2,2,2,2,2,1,1,1,2,2,1,0,2,2,2,2,NA,2,2,NA,1,1,1,2,2,1,1,0,1,0,0,0,0,0,5,8,13,6,NA,9,0,0,0,0,1,NA,NA,NA,NA,NA,NA,NA,NA,NA,NA,NA,NA,NA,NA,NA,NA,NA,NA,NA,NA,NA,NA,NA,NA,NA,NA,NA,NA,NA,NA,NA,NA,NA,1,1,NA,1,2,6,NA,NA,NA
"2499",2499,2499,2499,"Samoa",2005,545,9,61,2,2,2,2,2,2,2,2,1,2,2,2,2,1,2,1,1,NA,2,1,2,NA,3,2,NA,2,2,2,2,2,1,1,NA,0,0,0,0,1,0,8,11,16,6,NA,12,0,0,0,0,0,NA,NA,NA,NA,NA,NA,NA,NA,NA,NA,NA,NA,NA,NA,NA,NA,NA,NA,NA,NA,NA,NA,NA,NA,NA,NA,NA,NA,NA,NA,NA,NA,NA,1,NA,NA,1,2,5,NA,NA,NA
"2516",2516,2516,2516,"San Marino",2005,548,150,39,2,2,2,2,2,2,2,2,2,2,2,2,2,2,1,1,2,NA,2,3,2,2,3,3,3,2,2,2,2,1,1,2,NA,0,1,0,0,0,0,8,12,17,6,NA,12,0,0,0,0,0,NA,NA,NA,NA,NA,NA,NA,NA,NA,NA,NA,NA,NA,NA,NA,NA,NA,NA,NA,NA,NA,NA,NA,NA,NA,NA,NA,NA,NA,NA,NA,NA,NA,1,2,1,2,2,8,NA,NA,NA
"2533",2533,2533,2533,"Sao Tome and Principe",2005,551,2,17,2,2,2,2,2,2,2,2,2,2,1,1,2,2,2,0,0,NA,1,1,2,2,3,1,3,1,1,2,2,2,0,2,NA,0,0,0,1,0,0,8,8,15,6,NA,10,0,0,0,0,0,NA,NA,NA,NA,NA,NA,NA,NA,NA,NA,NA,NA,NA,NA,NA,NA,NA,NA,NA,NA,NA,NA,NA,NA,NA,NA,NA,NA,NA,NA,NA,NA,NA,1,NA,1,NA,2,6,NA,NA,NA
"2550",2550,2550,2550,"Saudi Arabia",2005,554,142,145,2,2,0,1,0,0,0,0,0,0,0,0,1,0,1,0,0,0,0,0,0,2,1,0,2,0,0,1,1,1,0,1,1,0,0,1,0,0,3,5,2,5,0,22,4,0,0,0,1,0,NA,NA,NA,NA,NA,NA,NA,NA,NA,NA,NA,NA,NA,NA,NA,NA,NA,NA,NA,NA,NA,NA,NA,NA,NA,NA,NA,NA,NA,NA,NA,NA,NA,NA,NA,1,NA,2,1,22,NA,NA
"2567",2567,2567,2567,"Senegal",2005,557,2,11,2,1,1,1,0,1,2,1,2,2,1,1,0,1,0,1,0,0,1,1,2,2,2,0,3,1,1,1,2,2,1,1,2,0,0,0,1,0,3,5,4,8,3,48,9,0,0,0,0,0,NA,NA,NA,NA,NA,NA,NA,NA,NA,NA,NA,NA,NA,NA,NA,NA,NA,NA,NA,NA,NA,NA,NA,NA,NA,NA,NA,NA,NA,NA,NA,NA,NA,1,NA,1,NA,2,5,48,NA,NA
"2600",2600,2600,2600,"Serbia",2005,563,150,39,2,1,1,1,2,2,2,1,1,1,NA,NA,NA,NA,NA,NA,NA,NA,0,1,2,NA,NA,0,NA,NA,NA,NA,NA,NA,NA,NA,NA,0,1,0,0,0,5,5,NA,9,4,NA,NA,0,0,0,0,0,NA,1.66666666666667,2,1.66666666666667,0.333333333333333,NA,1,1.66666666666667,1.66666666666667,2,1.33333333333333,2.66666666666667,NA,NA,1,NA,NA,NA,NA,NA,NA,NA,NA,NA,NA,NA,NA,NA,NA,NA,NA,0.666666666666667,0.333333333333333,1,NA,NA,NA,2,5,NA,NA,1
"2601",2601,2601,2601,"Seychelles",2005,566,2,14,2,2,2,2,2,1,2,0,1,2,1,0,1,2,2,0,1,NA,0,2,2,2,3,1,2,2,1,1,2,2,0,2,NA,0,0,0,1,0,0,8,7,13,4,NA,10,0,0,0,0,0,NA,NA,NA,NA,NA,NA,NA,NA,NA,NA,NA,NA,NA,NA,NA,NA,NA,NA,NA,NA,NA,NA,NA,NA,NA,NA,NA,NA,NA,NA,NA,NA,NA,1,1,1,NA,2,6,NA,NA,NA
"2618",2618,2618,2618,"Sierra Leone",2005,569,2,11,2,1,1,1,2,2,1,1,1,2,2,1,0,0,0,0,0,0,1,1,2,0,3,0,1,1,1,0,1,1,1,1,1,0,0,0,1,0,6,5,3,10,5,48,6,0,0,0,0,0,NA,NA,NA,NA,NA,NA,NA,NA,NA,NA,NA,NA,NA,NA,NA,NA,NA,NA,NA,NA,NA,NA,NA,NA,NA,NA,NA,NA,NA,NA,NA,NA,NA,1,NA,NA,NA,2,4,48,NA,NA
"2635",2635,2635,2635,"Singapore",2005,572,142,35,2,2,0,2,1,1,1,0,1,1,1,1,1,2,1,0,2,1,2,2,2,2,1,1,3,1,1,1,2,1,0,2,2,0,0,1,0,0,0,6,8,9,2,58,8,0,0,0,1,0,NA,NA,NA,NA,NA,NA,NA,NA,NA,NA,NA,NA,NA,NA,NA,NA,NA,NA,NA,NA,NA,NA,NA,NA,NA,NA,NA,NA,NA,NA,NA,NA,NA,1,1,1,NA,2,5,58,NA,NA
"2652",2652,2652,2652,"Slovakia",2005,575,150,151,2,2,2,2,2,2,2,2,2,1,2,1,1,1,2,1,2,0,1,1,2,2,2,1,2,2,1,1,2,2,1,2,2,0,1,0,0,0,0,8,10,14,5,74,11,0,0,0,0,0,NA,NA,NA,NA,NA,NA,NA,NA,NA,NA,NA,NA,NA,NA,NA,NA,NA,NA,NA,NA,NA,NA,NA,NA,NA,NA,NA,NA,NA,NA,NA,NA,NA,1,NA,1,NA,2,6,74,NA,NA
"2669",2669,2669,2669,"Slovenia",2005,578,150,39,2,2,2,1,2,2,2,1,2,2,2,2,2,1,2,2,2,0,2,2,2,1,3,2,2,2,2,2,2,2,2,2,1,0,1,0,0,0,0,7,13,14,5,82,14,0,0,0,0,0,NA,NA,NA,NA,NA,NA,NA,NA,NA,NA,NA,NA,NA,NA,NA,NA,NA,NA,NA,NA,NA,NA,NA,NA,NA,NA,NA,NA,NA,NA,NA,NA,NA,1,1,NA,1,2,6,82,NA,NA
"2686",2686,2686,2686,"Solomon Is.",2005,581,9,54,2,2,2,1,1,2,2,2,2,2,2,1,1,2,1,0,2,NA,2,1,1,1,3,2,2,2,2,1,2,1,1,2,NA,0,0,0,0,1,0,7,9,14,5,NA,11,0,0,0,0,0,NA,NA,NA,NA,NA,NA,NA,NA,NA,NA,NA,NA,NA,NA,NA,NA,NA,NA,NA,NA,NA,NA,NA,NA,NA,NA,NA,NA,NA,NA,NA,NA,NA,NA,NA,NA,1,2,4,NA,NA,NA
"2703",2703,2703,2703,"Somalia",2005,584,2,14,NA,NA,NA,NA,NA,NA,NA,NA,NA,NA,0,0,0,0,0,0,0,0,NA,NA,NA,0,0,0,1,1,0,0,2,2,0,0,2,0,0,0,1,0,9,NA,0,NA,NA,NA,5,NA,NA,NA,NA,NA,NA,NA,NA,NA,NA,NA,NA,NA,NA,NA,NA,NA,NA,NA,NA,NA,NA,NA,NA,NA,NA,NA,NA,NA,NA,NA,NA,NA,NA,NA,NA,NA,NA,NA,NA,NA,NA,NA,0,NA,NA,NA
"2720",2720,2720,2720,"South Africa",2005,587,2,18,2,0,2,0,1,2,2,1,2,2,2,2,1,1,1,1,1,0,2,1,3,1,3,1,3,2,2,1,2,2,1,1,1,0,0,0,1,0,30,4,9,9,4,64,11,1,1,0,0,1,1,NA,NA,NA,NA,NA,NA,NA,NA,NA,NA,NA,NA,NA,NA,NA,NA,NA,NA,NA,NA,NA,NA,NA,NA,NA,NA,NA,NA,NA,NA,NA,NA,2,NA,NA,NA,0,6,64,NA,NA
"2737",2737,2737,2737,"Spain",2005,593,150,39,0,1,2,1,2,2,2,1,2,1,2,1,2,1,2,1,1,0,2,2,3,3,3,1,3,2,1,2,2,2,1,2,2,0,1,0,0,0,0,4,10,9,4,72,12,0,0,1,0,0,NA,NA,NA,NA,NA,NA,NA,NA,NA,NA,NA,NA,NA,NA,NA,NA,NA,NA,NA,NA,NA,NA,NA,NA,NA,NA,NA,NA,NA,NA,NA,NA,NA,2,1,2,NA,2,9,72,NA,NA
"2754",2754,2754,2754,"Sri Lanka",2005,596,142,62,1,1,2,0,1,2,1,1,1,0,1,1,0,1,0,1,0,0,2,1,2,2,2,0,2,2,2,1,2,2,1,1,2,0,0,1,0,0,23,4,4,6,2,44,11,0,0,0,0,1,NA,NA,NA,NA,NA,NA,NA,NA,NA,NA,NA,NA,NA,NA,NA,NA,NA,NA,NA,NA,NA,NA,NA,NA,NA,NA,NA,NA,NA,NA,NA,NA,NA,1,NA,1,NA,2,5,44,NA,NA
"2771",2771,2771,2771,"Sudan",2005,599,2,15,1,0,0,0,0,0,0,0,1,0,0,0,1,0,0,1,0,0,0,1,2,0,0,0,0,1,0,1,2,2,1,1,1,0,0,0,1,0,31,1,2,1,0,12,8,1,1,0,1,1,2,NA,NA,NA,NA,NA,NA,NA,NA,NA,NA,NA,NA,NA,NA,NA,NA,NA,NA,NA,NA,NA,NA,NA,NA,NA,NA,NA,NA,NA,NA,NA,NA,1,NA,NA,NA,0,1,12,NA,NA
"2788",2788,2788,2788,"Suriname",2005,602,419,5,2,2,2,0,2,2,2,1,1,2,2,2,0,1,0,0,0,0,2,1,2,NA,2,1,NA,2,2,1,2,1,0,1,0,1,0,0,0,0,0,6,5,12,5,NA,9,0,0,0,0,1,NA,NA,NA,NA,NA,NA,NA,NA,NA,NA,NA,NA,NA,NA,NA,NA,NA,NA,NA,NA,NA,NA,NA,NA,NA,NA,NA,NA,NA,NA,NA,NA,NA,1,NA,NA,NA,2,5,NA,NA,NA
"2805",2805,2805,2805,"Swaziland",2005,605,2,18,2,1,2,0,0,0,1,0,0,1,1,1,1,2,0,0,0,0,1,1,2,0,2,0,0,1,1,1,2,1,1,1,2,0,0,0,1,0,1,5,5,6,1,36,8,0,0,0,0,1,NA,NA,NA,NA,NA,NA,NA,NA,NA,NA,NA,NA,NA,NA,NA,NA,NA,NA,NA,NA,NA,NA,NA,NA,NA,NA,NA,NA,NA,NA,NA,NA,NA,1,NA,NA,NA,2,2,36,NA,NA
"2822",2822,2822,2822,"Sweden",2005,608,150,154,2,2,2,1,2,2,2,1,2,2,2,2,2,1,1,2,2,1,2,3,3,NA,3,3,NA,2,2,2,2,1,2,2,2,0,1,0,0,0,0,7,12,15,5,NA,13,0,0,0,0,0,NA,NA,NA,NA,NA,NA,NA,NA,NA,NA,NA,NA,NA,NA,NA,NA,NA,NA,NA,NA,NA,NA,NA,NA,NA,NA,NA,NA,NA,NA,NA,NA,NA,2,2,NA,2,2,8,NA,NA,NA
"2839",2839,2839,2839,"Switzerland",2005,611,150,155,2,2,2,1,2,2,2,1,2,1,2,2,0,1,1,1,2,0,2,2,2,NA,3,3,NA,2,2,1,2,1,1,2,2,0,1,0,0,0,0,7,9,14,4,NA,11,0,0,0,0,0,NA,NA,NA,NA,NA,NA,NA,NA,NA,NA,NA,NA,NA,NA,NA,NA,NA,NA,NA,NA,NA,NA,NA,NA,NA,NA,NA,NA,NA,NA,NA,NA,NA,1,1,NA,2,2,6,NA,NA,NA
"2856",2856,2856,2856,"Syria",2005,614,142,145,2,1,0,0,0,0,1,0,0,0,0,0,1,1,0,1,1,0,1,1,2,NA,0,0,NA,1,1,1,0,1,1,2,1,0,0,1,0,0,18,3,4,3,0,NA,7,0,0,0,1,1,NA,NA,NA,NA,NA,NA,NA,NA,NA,NA,NA,NA,NA,NA,NA,NA,NA,NA,NA,NA,NA,NA,NA,NA,NA,NA,NA,NA,NA,NA,NA,NA,NA,1,NA,NA,NA,2,2,NA,NA,NA
"2873",2873,2873,2873,"Taiwan",2005,617,142,30,2,2,2,1,2,2,2,1,2,2,1,1,1,2,2,1,1,0,2,2,2,NA,3,1,NA,1,1,1,2,2,1,2,1,0,0,1,0,0,0,7,9,13,5,NA,10,0,0,0,0,0,NA,NA,NA,NA,NA,NA,NA,NA,NA,NA,NA,NA,NA,NA,NA,NA,NA,NA,NA,NA,NA,NA,NA,NA,NA,NA,NA,NA,NA,NA,NA,NA,NA,1,1,NA,NA,2,6,NA,NA,NA
"2890",2890,2890,2890,"Tajikistan",2005,620,142,62,2,2,1,0,1,1,1,0,0,1,2,1,1,1,0,1,0,0,0,1,2,NA,1,1,NA,2,2,2,1,1,1,1,2,0,0,1,0,0,8,5,6,8,2,NA,10,0,0,0,0,1,NA,NA,NA,NA,NA,NA,NA,NA,NA,NA,NA,NA,NA,NA,NA,NA,NA,NA,NA,NA,NA,NA,NA,NA,NA,NA,NA,NA,NA,NA,NA,NA,NA,1,NA,NA,NA,2,3,NA,NA,NA
"2907",2907,2907,2907,"Tanzania",2005,623,2,14,2,1,0,0,1,1,1,0,1,1,0,0,1,0,0,0,1,0,1,1,2,NA,1,0,NA,1,1,1,2,2,1,1,1,0,0,0,1,0,1,3,2,5,2,NA,9,0,0,0,1,1,NA,NA,NA,NA,NA,NA,NA,NA,NA,NA,NA,NA,NA,NA,NA,NA,NA,NA,NA,NA,NA,NA,NA,NA,NA,NA,NA,NA,NA,NA,NA,NA,NA,1,NA,NA,NA,2,3,NA,NA,NA
"2924",2924,2924,2924,"Thailand",2005,626,142,35,0,0,1,0,1,1,1,1,1,1,0,0,0,0,0,0,0,0,1,1,2,NA,0,0,NA,1,1,1,1,2,1,1,2,0,0,1,0,0,9,1,0,4,3,NA,8,1,1,1,0,1,2,NA,NA,NA,NA,NA,NA,NA,NA,NA,NA,NA,NA,NA,NA,NA,NA,NA,NA,NA,NA,NA,NA,NA,NA,NA,NA,NA,NA,NA,NA,NA,NA,1,NA,NA,NA,0,3,NA,NA,NA
"2941",2941,2941,2941,"Togo",2005,629,2,11,1,0,1,0,0,1,0,0,0,2,1,1,0,0,0,0,1,0,0,0,2,NA,1,0,NA,2,2,1,0,2,1,2,1,0,0,0,1,0,6,2,3,4,2,NA,10,1,1,0,0,1,1,NA,NA,NA,NA,NA,NA,NA,NA,NA,NA,NA,NA,NA,NA,NA,NA,NA,NA,NA,NA,NA,NA,NA,NA,NA,NA,NA,NA,NA,NA,NA,NA,1,NA,NA,NA,0,2,NA,NA,NA
"2958",2958,2958,2958,"Tonga",2005,632,9,61,2,2,2,2,2,2,2,1,0,1,0,0,2,0,2,0,0,NA,2,0,1,2,2,1,2,1,0,2,2,0,0,0,NA,0,0,0,0,1,0,8,4,13,4,NA,5,0,0,0,0,0,NA,NA,NA,NA,NA,NA,NA,NA,NA,NA,NA,NA,NA,NA,NA,NA,NA,NA,NA,NA,NA,NA,NA,NA,NA,NA,NA,NA,NA,NA,NA,NA,NA,NA,NA,1,NA,2,5,NA,NA,NA
"2975",2975,2975,2975,"Trinidad and Tobago",2005,635,419,29,2,1,2,1,2,2,2,2,2,2,1,1,1,2,1,1,1,1,2,2,2,3,3,1,3,1,1,2,0,1,1,2,2,1,0,0,0,0,0,6,8,13,6,76,8,0,0,0,0,0,NA,NA,NA,NA,NA,NA,NA,NA,NA,NA,NA,NA,NA,NA,NA,NA,NA,NA,NA,NA,NA,NA,NA,NA,NA,NA,NA,NA,NA,NA,NA,NA,NA,1,1,2,NA,2,8,76,NA,NA
"2992",2992,2992,2992,"Tunisia",2005,638,2,15,2,1,0,0,1,0,2,0,1,0,1,2,1,2,1,1,2,1,0,2,2,3,0,0,3,2,1,1,2,1,2,2,1,0,0,0,1,0,1,3,10,4,1,48,11,0,0,0,1,1,NA,NA,NA,NA,NA,NA,NA,NA,NA,NA,NA,NA,NA,NA,NA,NA,NA,NA,NA,NA,NA,NA,NA,NA,NA,NA,NA,NA,NA,NA,NA,NA,NA,1,1,2,NA,2,6,48,NA,NA
"3009",3009,3009,3009,"Turkey",2005,641,142,145,2,0,0,0,1,1,1,0,1,0,1,1,2,1,0,1,1,0,1,1,1,0,0,0,3,1,1,1,2,2,1,2,2,0,0,1,0,0,16,2,7,3,1,32,10,1,1,0,1,1,2,NA,NA,NA,NA,NA,NA,NA,NA,NA,NA,NA,NA,NA,NA,NA,NA,NA,NA,NA,NA,NA,NA,NA,NA,NA,NA,NA,NA,NA,NA,NA,NA,NA,NA,NA,NA,0,2,32,NA,NA
"3026",3026,3026,3026,"Turkmenistan",2005,644,142,62,2,2,0,0,0,0,0,0,0,0,0,0,0,1,1,1,0,1,0,1,2,1,0,0,3,1,0,2,2,2,1,0,0,0,0,1,0,0,0,4,3,4,0,26,8,0,0,0,1,1,NA,NA,NA,NA,NA,NA,NA,NA,NA,NA,NA,NA,NA,NA,NA,NA,NA,NA,NA,NA,NA,NA,NA,NA,NA,NA,NA,NA,NA,NA,NA,NA,NA,1,NA,NA,NA,2,1,26,NA,NA
"3043",3043,3043,3043,"Tuvalu",2005,647,9,61,2,2,2,2,2,2,2,1,2,0,1,2,2,2,2,2,1,NA,2,1,0,1,2,3,1,2,2,2,2,1,2,2,NA,0,0,0,0,1,0,8,12,14,3,NA,13,0,0,0,0,0,NA,NA,NA,NA,NA,NA,NA,NA,NA,NA,NA,NA,NA,NA,NA,NA,NA,NA,NA,NA,NA,NA,NA,NA,NA,NA,NA,NA,NA,NA,NA,NA,NA,NA,NA,NA,2,2,4,NA,NA,NA
"3060",3060,3060,3060,"Uganda",2005,650,2,14,1,1,0,0,0,1,2,1,1,0,0,0,1,1,0,0,0,0,1,1,2,0,2,0,0,1,1,1,2,2,1,1,0,0,0,0,1,0,13,2,2,3,1,30,9,0,0,0,1,1,NA,NA,NA,NA,NA,NA,NA,NA,NA,NA,NA,NA,NA,NA,NA,NA,NA,NA,NA,NA,NA,NA,NA,NA,NA,NA,NA,NA,NA,NA,NA,NA,NA,1,NA,NA,NA,2,4,30,NA,NA
"3077",3077,3077,3077,"Ukraine",2005,653,150,151,2,1,2,0,1,2,2,1,1,1,1,1,2,1,1,1,0,0,0,1,2,2,1,0,2,2,1,2,2,2,1,2,2,0,1,0,0,0,2,5,7,8,3,52,12,0,0,0,0,1,NA,NA,NA,NA,NA,NA,NA,NA,NA,NA,NA,NA,NA,NA,NA,NA,NA,NA,NA,NA,NA,NA,NA,NA,NA,NA,NA,NA,NA,NA,NA,NA,NA,1,NA,1,NA,2,6,52,NA,NA
"3094",3094,3094,3094,"United Arab Emirates",2005,656,142,145,2,2,1,1,1,0,0,0,0,0,0,0,0,1,2,0,1,0,1,1,2,0,0,0,0,0,0,1,2,2,0,1,0,0,0,1,0,0,0,6,4,7,1,32,6,0,0,0,0,0,NA,NA,NA,NA,NA,NA,NA,NA,NA,NA,NA,NA,NA,NA,NA,NA,NA,NA,NA,NA,NA,NA,NA,NA,NA,NA,NA,NA,NA,NA,NA,NA,NA,1,NA,NA,NA,2,1,32,NA,NA
"3111",3111,3111,3111,"United Kingdom",2005,659,150,154,2,1,1,1,1,2,2,2,2,2,2,1,1,1,1,1,2,0,2,2,2,2,3,2,3,2,1,1,2,1,1,2,2,0,1,0,0,0,0,5,9,12,5,70,10,0,0,0,0,0,NA,NA,NA,NA,NA,NA,NA,NA,NA,NA,NA,NA,NA,NA,NA,NA,NA,NA,NA,NA,NA,NA,NA,NA,NA,NA,NA,NA,NA,NA,NA,NA,NA,1,1,1,1,2,7,70,NA,NA
"3128",3128,3128,3128,"United States",2005,662,21,21,2,1,1,0,NA,NA,NA,NA,NA,NA,NA,NA,NA,NA,NA,NA,NA,NA,NA,NA,NA,NA,NA,NA,NA,NA,NA,NA,NA,NA,NA,NA,NA,1,0,0,0,0,3,4,NA,NA,NA,NA,NA,0,0,0,0,1,NA,NA,NA,NA,NA,NA,NA,NA,NA,NA,NA,NA,NA,NA,NA,NA,NA,NA,NA,NA,NA,NA,NA,NA,NA,NA,NA,NA,NA,NA,NA,NA,NA,NA,NA,NA,NA,2,0,NA,NA,NA
"3145",3145,3145,3145,"Uruguay",2005,665,419,5,2,2,2,0,2,2,2,1,2,2,1,1,1,1,1,1,1,0,2,1,2,2,3,1,2,1,2,1,2,2,1,2,1,1,0,0,0,0,0,6,7,12,5,68,11,0,0,0,0,1,NA,NA,NA,NA,NA,NA,NA,NA,NA,NA,NA,NA,NA,NA,NA,NA,NA,NA,NA,NA,NA,NA,NA,NA,NA,NA,NA,NA,NA,NA,NA,NA,NA,1,NA,1,NA,2,6,68,NA,NA
"3162",3162,3162,3162,"Uzbekistan",2005,668,142,62,1,0,0,0,0,0,0,0,0,0,0,0,1,1,0,1,0,0,0,1,2,1,0,0,1,2,0,1,2,2,1,2,2,0,0,1,0,0,3,1,3,1,0,14,10,1,1,0,1,1,2,NA,NA,NA,NA,NA,NA,NA,NA,NA,NA,NA,NA,NA,NA,NA,NA,NA,NA,NA,NA,NA,NA,NA,NA,NA,NA,NA,NA,NA,NA,NA,NA,1,NA,NA,NA,0,1,14,NA,NA
"3179",3179,3179,3179,"Vanuatu",2005,671,9,54,2,2,2,2,1,2,2,2,2,1,1,1,1,2,1,1,1,NA,2,1,1,0,2,2,3,1,1,1,2,1,1,1,NA,0,0,0,0,1,0,8,8,14,4,NA,8,0,0,0,0,0,NA,NA,NA,NA,NA,NA,NA,NA,NA,NA,NA,NA,NA,NA,NA,NA,NA,NA,NA,NA,NA,NA,NA,NA,NA,NA,NA,NA,NA,NA,NA,NA,NA,NA,NA,NA,1,2,4,NA,NA,NA
"3196",3196,3196,3196,"Venezuela",2005,674,419,5,1,0,1,0,1,1,2,1,1,1,0,0,1,2,0,1,0,0,0,2,2,1,1,0,1,1,1,1,2,1,1,2,1,1,0,0,0,0,30,2,4,5,3,34,9,1,1,0,0,1,1,NA,NA,NA,NA,NA,NA,NA,NA,NA,NA,NA,NA,NA,NA,NA,NA,NA,NA,NA,NA,NA,NA,NA,NA,NA,NA,NA,NA,NA,NA,NA,NA,1,1,NA,NA,0,5,34,NA,NA
"3213",3213,3213,3213,"Vietnam",2005,677,142,35,2,2,0,1,0,1,0,0,0,0,0,0,1,0,0,1,1,0,0,1,2,2,0,0,3,0,1,1,1,1,1,2,1,0,0,1,0,0,6,5,3,5,0,28,7,0,0,0,1,0,NA,NA,NA,NA,NA,NA,NA,NA,NA,NA,NA,NA,NA,NA,NA,NA,NA,NA,NA,NA,NA,NA,NA,NA,NA,NA,NA,NA,NA,NA,NA,NA,NA,1,NA,1,NA,2,3,28,NA,NA
"3230",3230,3230,3230,"Yemen",2005,680,142,145,2,1,0,1,1,0,1,0,1,0,0,0,0,2,0,0,1,0,0,1,1,3,1,0,3,1,1,2,2,1,0,2,2,0,0,1,0,0,15,4,3,5,1,34,9,0,0,0,1,0,NA,NA,NA,NA,NA,NA,NA,NA,NA,NA,NA,NA,NA,NA,NA,NA,NA,NA,NA,NA,NA,NA,NA,NA,NA,NA,NA,NA,NA,NA,NA,NA,NA,NA,NA,2,NA,2,3,34,NA,NA
"3247",3247,3247,3247,"Zambia",2005,695,2,14,2,1,1,0,1,2,1,1,1,0,1,1,2,2,1,1,1,0,1,1,2,NA,2,0,NA,1,1,2,1,2,1,2,1,0,0,0,1,0,1,4,9,6,2,NA,10,0,0,0,0,1,NA,NA,NA,NA,NA,NA,NA,NA,NA,NA,NA,NA,NA,NA,NA,NA,NA,NA,NA,NA,NA,NA,NA,NA,NA,NA,NA,NA,NA,NA,NA,NA,NA,1,NA,NA,NA,2,4,NA,NA,NA
"3264",3264,3264,3264,"Zimbabwe",2005,698,2,14,1,1,0,0,0,1,0,0,0,0,0,0,1,1,0,0,0,0,0,1,2,1,0,0,2,1,1,1,2,1,1,1,1,0,0,0,1,0,9,2,2,2,0,20,8,0,0,0,1,1,NA,NA,NA,NA,NA,NA,NA,NA,NA,NA,NA,NA,NA,NA,NA,NA,NA,NA,NA,NA,NA,NA,NA,NA,NA,NA,NA,NA,NA,NA,NA,NA,NA,1,NA,NA,NA,2,2,20,NA,NA
